Date,open,high,low,close
31/01/2018,10108.2002,10381.59961,9777.419922,10221.09961
01/02/2018,10237.29981,10288.79981,8812.280273,9170.540039
02/02/2018,9142.280273,9142.280273,7796.490234,8830.75
03/02/2018,8852.120117,9430.75,8251.629883,9174.910156
04/02/2018,9175.700195,9334.870117,8031.220215,8277.009766
05/02/2018,8270.540039,8364.839844,6756.680176,6955.27002
06/02/2018,7051.75,7850.700195,6048.259766,7754
07/02/2018,7755.490234,8509.110352,7236.790039,7621.299805
08/02/2018,7637.859863,8558.769531,7637.859863,8265.589844
09/02/2018,8271.839844,8736.980469,7884.709961,8736.980469
10/02/2018,8720.080078,9122.549805,8295.469727,8621.900391
11/02/2018,8616.129883,8616.129883,7931.100098,8129.970215
12/02/2018,8141.430176,8985.919922,8141.430176,8926.570313
13/02/2018,8926.719727,8958.469727,8455.410156,8598.30957
14/02/2018,8599.919922,9518.540039,8599.919922,9494.629883
15/02/2018,9488.320313,10234.79981,9395.580078,10166.40039
16/02/2018,10135.7002,10324.09961,9824.820313,10233.90039
17/02/2018,10207.5,11139.5,10149.40039,11112.7002
18/02/2018,11123.40039,11349.79981,10326,10551.79981
19/02/2018,10552.59961,11273.79981,10513.2002,11225.29981
20/02/2018,11231.79981,11958.5,11231.79981,11403.7002
21/02/2018,11372.2002,11418.5,10479.09961,10690.40039
22/02/2018,10660.40039,11039.09961,9939.089844,10005
23/02/2018,9937.070313,10487.29981,9734.55957,10301.09961
24/02/2018,10287.7002,10597.2002,9546.969727,9813.070313
25/02/2018,9796.419922,9923.219727,9407.05957,9664.730469
26/02/2018,9669.429688,10475,9501.730469,10366.7002
27/02/2018,10393.90039,10878.5,10246.09961,10725.59961
28/02/2018,10687.2002,11089.79981,10393.09961,10397.90039
01/03/2018,10385,11052.29981,10352.7002,10951
02/03/2018,10977.40039,11189,10850.09961,11086.40039
03/03/2018,11101.90039,11528.2002,11002.40039,11489.7002
04/03/2018,11497.40039,11512.59961,11136.09961,11512.59961
05/03/2018,11532.40039,11704.09961,11443.90039,11573.29981
06/03/2018,11500.09961,11500.09961,10694.29981,10779.90039
07/03/2018,10803.90039,10929.5,9692.120117,9965.570313
08/03/2018,9951.44043,10147.40039,9335.870117,9395.009766
09/03/2018,9414.69043,9466.349609,8513.030273,9337.549805
10/03/2018,9350.589844,9531.320313,8828.469727,8866
11/03/2018,8852.780273,9711.889648,8607.120117,9578.629883
12/03/2018,9602.929688,9937.5,8956.429688,9205.120117
13/03/2018,9173.040039,9470.379883,8958.19043,9194.849609
14/03/2018,9214.650391,9355.849609,8068.589844,8269.80957
15/03/2018,8290.759766,8428.349609,7783.049805,8300.860352
16/03/2018,8322.910156,8585.150391,8005.310059,8338.349609
17/03/2018,8321.910156,8346.530273,7812.819824,7916.879883
18/03/2018,7890.52002,8245.509766,7397.990234,8223.679688
19/03/2018,8344.120117,8675.870117,8182.399902,8630.650391
20/03/2018,8619.669922,9051.019531,8389.889648,8913.469727
21/03/2018,8937.480469,9177.370117,8846.330078,8929.280273
22/03/2018,8939.44043,9100.709961,8564.900391,8728.469727
23/03/2018,8736.25,8879.620117,8360.620117,8879.620117
24/03/2018,8901.950195,8996.179688,8665.700195,8668.120117
25/03/2018,8612.80957,8682.009766,8449.099609,8495.780273
26/03/2018,8498.469727,8530.080078,7921.430176,8209.400391
27/03/2018,8200,8232.780273,7797.279785,7833.040039
28/03/2018,7836.830078,8122.890137,7809.169922,7954.47998
29/03/2018,7979.069824,7994.330078,7081.379883,7165.700195
30/03/2018,7171.450195,7276.660156,6683.930176,6890.52002
31/03/2018,6892.47998,7207.850098,6863.52002,6973.529785
01/04/2018,7003.060059,7060.950195,6526.870117,6844.22998
02/04/2018,6844.859863,7135.470215,6816.580078,7083.799805
03/04/2018,7102.259766,7530.939941,7072.490234,7456.109863
04/04/2018,7456.410156,7469.879883,6803.879883,6853.839844
05/04/2018,6848.649902,6933.819824,6644.799805,6811.470215
06/04/2018,6815.959961,6857.490234,6575,6636.319824
07/04/2018,6630.509766,7050.540039,6630.509766,6911.089844
08/04/2018,6919.97998,7111.560059,6919.97998,7023.52002
09/04/2018,7044.319824,7178.109863,6661.990234,6770.72998
10/04/2018,6795.439941,6872.410156,6704.149902,6834.759766
11/04/2018,6843.470215,6968.319824,6817.589844,6968.319824
12/04/2018,6955.379883,7899.22998,6806.509766,7889.25
13/04/2018,7901.089844,8183.959961,7758.930176,7895.959961
14/04/2018,7874.669922,8140.709961,7846,7986.240234
15/04/2018,7999.330078,8338.419922,7999.330078,8329.110352
16/04/2018,8337.570313,8371.150391,7925.72998,8058.669922
17/04/2018,8071.660156,8285.959961,7881.720215,7902.089844
18/04/2018,7944.430176,8197.799805,7886.009766,8163.419922
19/04/2018,8159.27002,8298.69043,8138.779785,8294.30957
20/04/2018,8286.879883,8880.230469,8244.540039,8845.830078
21/04/2018,8848.790039,8997.570313,8652.150391,8895.580078
22/04/2018,8925.05957,9001.639648,8779.610352,8802.459961
23/04/2018,8794.389648,8958.549805,8788.80957,8930.879883
24/04/2018,8934.339844,9732.610352,8927.830078,9697.5
25/04/2018,9701.030273,9745.320313,8799.839844,8845.740234
26/04/2018,8867.320313,9281.509766,8727.089844,9281.509766
27/04/2018,9290.629883,9375.469727,8987.049805,8987.049805
28/04/2018,8939.269531,9412.089844,8931.990234,9348.480469
29/04/2018,9346.410156,9531.490234,9193.709961,9419.080078
30/04/2018,9426.110352,9477.139648,9166.80957,9240.549805
01/05/2018,9251.469727,9255.879883,8891.049805,9119.009766
02/05/2018,9104.599609,9256.519531,9015.139648,9235.919922
03/05/2018,9233.969727,9798.330078,9188.150391,9743.860352
04/05/2018,9695.5,9779.200195,9585.959961,9700.759766
05/05/2018,9700.280273,9964.5,9695.120117,9858.150391
06/05/2018,9845.30957,9940.139648,9465.25,9654.799805
07/05/2018,9645.669922,9665.849609,9231.530273,9373.009766
08/05/2018,9380.870117,9462.75,9127.769531,9234.820313
09/05/2018,9223.730469,9374.759766,9031.620117,9325.179688
10/05/2018,9325.959961,9396.040039,9040.519531,9043.94043
11/05/2018,9052.959961,9052.959961,8394.459961,8441.490234
12/05/2018,8441.44043,8664.860352,8223.5,8504.889648
13/05/2018,8515.490234,8773.549805,8395.120117,8723.94043
14/05/2018,8713.099609,8881.120117,8367.969727,8716.790039
15/05/2018,8705.19043,8836.19043,8456.450195,8510.379883
16/05/2018,8504.410156,8508.429688,8175.490234,8368.830078
17/05/2018,8370.049805,8445.540039,8054.120117,8094.319824
18/05/2018,8091.830078,8274.120117,7974.819824,8250.969727
19/05/2018,8255.730469,8372.05957,8183.350098,8247.179688
20/05/2018,8246.990234,8562.410156,8205.240234,8513.25
21/05/2018,8522.330078,8557.519531,8365.120117,8418.990234
22/05/2018,8419.870117,8423.25,8004.580078,8041.779785
23/05/2018,8037.080078,8054.660156,7507.879883,7557.819824
24/05/2018,7561.120117,7738.600098,7331.140137,7587.339844
25/05/2018,7592.299805,7659.140137,7392.649902,7480.140137
26/05/2018,7486.47998,7595.160156,7349.120117,7355.879883
27/05/2018,7362.080078,7381.740234,7270.959961,7368.220215
28/05/2018,7371.310059,7419.049805,7100.890137,7135.990234
29/05/2018,7129.459961,7526.419922,7090.680176,7472.589844
30/05/2018,7469.72998,7573.77002,7313.600098,7406.52002
31/05/2018,7406.149902,7608.899902,7361.129883,7494.169922
01/06/2018,7500.700195,7604.72998,7407.339844,7541.450195
02/06/2018,7536.720215,7695.830078,7497.259766,7643.450195
03/06/2018,7632.089844,7754.890137,7613.040039,7720.25
04/06/2018,7722.529785,7753.819824,7474.040039,7514.470215
05/06/2018,7500.899902,7643.22998,7397,7633.759766
06/06/2018,7625.970215,7680.430176,7502.009766,7653.97998
07/06/2018,7650.819824,7741.27002,7650.819824,7678.240234
08/06/2018,7685.140137,7698.189941,7558.399902,7624.919922
09/06/2018,7632.52002,7683.580078,7531.97998,7531.97998
10/06/2018,7499.549805,7499.549805,6709.069824,6786.02002
11/06/2018,6799.290039,6910.180176,6706.629883,6906.919922
12/06/2018,6905.819824,6907.959961,6542.080078,6582.359863
13/06/2018,6596.879883,6631.660156,6285.629883,6349.899902
14/06/2018,6342.75,6707.140137,6334.459961,6675.350098
15/06/2018,6674.080078,6681.080078,6433.870117,6456.580078
16/06/2018,6455.450195,6592.490234,6402.290039,6550.160156
17/06/2018,6545.529785,6589.109863,6499.27002,6499.27002
18/06/2018,6510.069824,6781.140137,6446.680176,6734.819824
19/06/2018,6742.390137,6822.5,6709.919922,6769.939941
20/06/2018,6770.759766,6821.560059,6611.879883,6776.549805
21/06/2018,6780.089844,6810.939941,6715.169922,6729.740234
22/06/2018,6737.879883,6747.080078,6006.600098,6083.689941
23/06/2018,6090.100098,6224.819824,6071.810059,6162.47998
24/06/2018,6164.279785,6223.779785,5826.410156,6173.22998
25/06/2018,6171.970215,6327.370117,6119.680176,6249.180176
26/06/2018,6253.549805,6290.160156,6093.669922,6093.669922
27/06/2018,6084.399902,6180,6052.850098,6157.129883
28/06/2018,6153.160156,6170.410156,5873.049805,5903.439941
29/06/2018,5898.129883,6261.660156,5835.75,6218.299805
30/06/2018,6214.220215,6465.509766,6214.220215,6404
01/07/2018,6411.680176,6432.850098,6289.290039,6385.819824
02/07/2018,6380.379883,6683.859863,6305.700195,6614.180176
03/07/2018,6596.660156,6671.370117,6447.75,6529.589844
04/07/2018,6550.870117,6771.919922,6450.459961,6597.549805
05/07/2018,6599.709961,6749.540039,6546.649902,6639.140137
06/07/2018,6638.689941,6700.939941,6533.549805,6673.5
07/07/2018,6668.709961,6863.990234,6579.240234,6856.930176
08/07/2018,6857.799805,6885.910156,6747.97998,6773.879883
09/07/2018,6775.080078,6838.680176,6724.339844,6741.75
10/07/2018,6739.209961,6767.740234,6320.720215,6329.950195
11/07/2018,6330.77002,6444.959961,6330.470215,6394.709961
12/07/2018,6396.779785,6397.100098,6136.419922,6228.810059
13/07/2018,6235.029785,6310.549805,6192.240234,6238.049805
14/07/2018,6247.5,6298.189941,6212.220215,6276.120117
15/07/2018,6272.700195,6403.459961,6256.509766,6359.640137
16/07/2018,6357.009766,6741.75,6357.009766,6741.75
17/07/2018,6739.649902,7387.240234,6684.169922,7321.040039
18/07/2018,7315.319824,7534.990234,7280.470215,7370.779785
19/07/2018,7378.200195,7494.459961,7295.459961,7466.859863
20/07/2018,7467.399902,7594.669922,7323.259766,7354.129883
21/07/2018,7352.720215,7437.640137,7262.410156,7419.290039
22/07/2018,7417.799805,7537.950195,7383.819824,7418.490234
23/07/2018,7414.709961,7771.5,7409.100098,7711.109863
24/07/2018,7716.509766,8424.269531,7705.5,8424.269531
25/07/2018,8379.660156,8416.870117,8086.359863,8181.390137
26/07/2018,8176.850098,8290.330078,7878.709961,7951.580078
27/07/2018,7950.399902,8262.660156,7839.759766,8165.009766
28/07/2018,8169.060059,8222.849609,8110.77002,8192.150391
29/07/2018,8205.820313,8272.259766,8141.180176,8218.459961
30/07/2018,8221.580078,8235.5,7917.5,8180.47998
31/07/2018,8181.200195,8181.529785,7696.930176,7780.439941
01/08/2018,7769.040039,7769.040039,7504.950195,7624.910156
02/08/2018,7634.189941,7712.77002,7523.439941,7567.149902
03/08/2018,7562.140137,7562.140137,7328.649902,7434.390137
04/08/2018,7438.669922,7497.490234,6984.069824,7032.850098
05/08/2018,7031.080078,7102.77002,6940.700195,7068.47998
06/08/2018,7062.939941,7166.549805,6890.540039,6951.799805
07/08/2018,6958.319824,7146.560059,6748.240234,6753.120117
08/08/2018,6746.850098,6746.850098,6226.220215,6305.799805
09/08/2018,6305.560059,6625.72998,6249.069824,6568.22998
10/08/2018,6571.419922,6591.259766,6124.52002,6184.709961
11/08/2018,6185.790039,6455.740234,6109.029785,6295.72998
12/08/2018,6283.649902,6409.850098,6237.5,6322.689941
13/08/2018,6341.359863,6537.049805,6225.720215,6297.569824
14/08/2018,6287.660156,6287.939941,5971.049805,6199.709961
15/08/2018,6221.419922,6588.490234,6221.419922,6308.52002
16/08/2018,6294.22998,6473.5,6276.410156,6334.72998
17/08/2018,6340.910156,6582.5,6324.970215,6580.629883
18/08/2018,6583.430176,6617.350098,6353.72998,6423.759766
19/08/2018,6422.569824,6537.97998,6361.549805,6506.069824
20/08/2018,6500.509766,6536.919922,6297.930176,6308.529785
21/08/2018,6301.069824,6500.870117,6298.240234,6488.759766
22/08/2018,6486.25,6816.790039,6310.109863,6376.709961
23/08/2018,6371.339844,6546.540039,6371.339844,6534.879883
24/08/2018,6551.52002,6719.959961,6498.640137,6719.959961
25/08/2018,6719.950195,6789.629883,6700.959961,6763.189941
26/08/2018,6754.640137,6774.75,6620.75,6707.259766
27/08/2018,6710.799805,6884.640137,6689.709961,6884.640137
28/08/2018,6891.080078,7109.560059,6882.339844,7096.279785
29/08/2018,7091.709961,7113.299805,6970.819824,7047.160156
30/08/2018,7043.759766,7072.689941,6834.689941,6978.22998
31/08/2018,6973.970215,7057.169922,6920.160156,7037.580078
01/09/2018,7044.810059,7242.290039,7038.049805,7193.25
02/09/2018,7189.580078,7306.310059,7132.160156,7272.720215
03/09/2018,7279.029785,7317.939941,7208.149902,7260.060059
04/09/2018,7263,7388.259766,7255.439941,7361.660156
05/09/2018,7361.459961,7388.430176,6792.830078,6792.830078
06/09/2018,6755.140137,6755.140137,6404.720215,6529.169922
07/09/2018,6528.919922,6555.290039,6396.870117,6467.069824
08/09/2018,6460.169922,6534.25,6197.52002,6225.97998
09/09/2018,6223.379883,6446.259766,6201.220215,6300.859863
10/09/2018,6301.569824,6374.97998,6292.759766,6329.700195
11/09/2018,6331.879883,6398.919922,6260.209961,6321.200195
12/09/2018,6317.009766,6363.870117,6265.089844,6351.799805
13/09/2018,6354.240234,6535.410156,6354.240234,6517.310059
14/09/2018,6515.410156,6596.100098,6456.169922,6512.709961
15/09/2018,6509.399902,6561.720215,6493.549805,6543.200195
16/09/2018,6536.680176,6544.330078,6460.100098,6517.180176
17/09/2018,6514.060059,6540.209961,6257.52002,6281.200195
18/09/2018,6280.910156,6384.180176,6265.709961,6371.299805
19/09/2018,6371.850098,6448.459961,6208.339844,6398.540039
20/09/2018,6398.850098,6529.259766,6395.950195,6519.669922
21/09/2018,6513.870117,6794.330078,6496.359863,6734.950195
22/09/2018,6735.049805,6814.560059,6616.799805,6721.97998
23/09/2018,6715.319824,6766.149902,6679.419922,6710.629883
24/09/2018,6704.77002,6713.560059,6580.899902,6595.410156
25/09/2018,6603.640137,6603.640137,6381.859863,6446.470215
26/09/2018,6452.790039,6585.910156,6397.890137,6495
27/09/2018,6495.290039,6712.100098,6464.950195,6676.75
28/09/2018,6678.75,6785.029785,6598.319824,6644.129883
29/09/2018,6643.100098,6643.100098,6511.649902,6601.959961
30/09/2018,6604.709961,6643.779785,6566.540039,6625.560059
01/10/2018,6619.850098,6653.299805,6549.080078,6589.620117
02/10/2018,6593.240234,6611.839844,6537.899902,6556.100098
03/10/2018,6553.859863,6571.459961,6454.029785,6502.589844
04/10/2018,6497.910156,6603.310059,6497.910156,6576.689941
05/10/2018,6574.149902,6623.620117,6557.410156,6622.47998
06/10/2018,6622.450195,6628.540039,6577.799805,6588.310059
07/10/2018,6590.680176,6641.490234,6557.040039,6602.950195
08/10/2018,6600.189941,6675.060059,6576.040039,6652.22998
09/10/2018,6653.080078,6661.410156,6606.939941,6642.640137
10/10/2018,6640.290039,6640.290039,6538.959961,6585.529785
11/10/2018,6586.740234,6586.740234,6243.740234,6256.240234
12/10/2018,6239.25,6328.5,6236.470215,6274.580078
13/10/2018,6278.080078,6308.509766,6259.810059,6285.990234
14/10/2018,6288.490234,6363.209961,6280.149902,6290.930176
15/10/2018,6292.640137,6965.060059,6258.680176,6596.540039
16/10/2018,6601.410156,6673.589844,6571.370117,6596.109863
17/10/2018,6590.52002,6601.209961,6517.450195,6544.430176
18/10/2018,6542.330078,6567.540039,6450.040039,6476.709961
19/10/2018,6478.069824,6493.680176,6445.310059,6465.410156
20/10/2018,6460.919922,6497.720215,6449,6489.189941
21/10/2018,6490.089844,6556.379883,6476,6482.350098
22/10/2018,6486.049805,6543.799805,6462.97998,6487.160156
23/10/2018,6472.359863,6506.009766,6451.27002,6475.740234
24/10/2018,6478.890137,6521.990234,6468.859863,6495.839844
25/10/2018,6484.649902,6504.649902,6447.029785,6476.290039
26/10/2018,6468.439941,6498.290039,6449.609863,6474.75
27/10/2018,6480.839844,6507.410156,6453.529785,6480.379883
28/10/2018,6482.660156,6502.279785,6447.910156,6486.390137
29/10/2018,6492.350098,6503.600098,6306.990234,6332.629883
30/10/2018,6337.040039,6364.990234,6310.140137,6334.27002
31/10/2018,6336.990234,6349.160156,6316.879883,6317.609863
01/11/2018,6318.140137,6547.140137,6311.830078,6377.779785
02/11/2018,6378.919922,6396.859863,6327.379883,6388.439941
03/11/2018,6387.240234,6400.069824,6342.370117,6361.259766
04/11/2018,6365.470215,6388.629883,6294.569824,6376.129883
05/11/2018,6363.620117,6480.589844,6363.620117,6419.660156
06/11/2018,6433.379883,6463.549805,6408.160156,6461.009766
07/11/2018,6468.5,6552.160156,6468.310059,6530.140137
08/11/2018,6522.27002,6536.919922,6438.529785,6453.720215
09/11/2018,6442.600098,6456.459961,6373.370117,6385.620117
10/11/2018,6386.129883,6437.279785,6385.310059,6409.220215
11/11/2018,6413.629883,6423.25,6350.169922,6411.27002
12/11/2018,6411.759766,6434.209961,6360.470215,6371.27002
13/11/2018,6373.189941,6395.27002,6342.669922,6359.490234
14/11/2018,6351.240234,6371.549805,5544.089844,5738.350098
15/11/2018,5736.149902,5774.819824,5358.379883,5648.029785
16/11/2018,5645.319824,5657.02002,5498.939941,5575.549805
17/11/2018,5578.580078,5578.580078,5519.560059,5554.330078
18/11/2018,5559.740234,5653.609863,5559.740234,5623.540039
19/11/2018,5620.779785,5620.779785,4842.910156,4871.490234
20/11/2018,4863.930176,4951.609863,4272.109863,4451.870117
21/11/2018,4465.540039,4675.72998,4343.97998,4602.169922
22/11/2018,4611.569824,4629.640137,4365.640137,4365.939941
23/11/2018,4360.700195,4396.419922,4195.680176,4347.109863
24/11/2018,4347.689941,4413.089844,3795.159912,3880.76001
25/11/2018,3880.780029,4120.870117,3585.060059,4009.969971
26/11/2018,4015.070068,4107.140137,3643.919922,3779.129883
27/11/2018,3765.949951,3862.959961,3661.01001,3820.719971
28/11/2018,3822.469971,4385.899902,3822.469971,4257.419922
29/11/2018,4269.004395,4413.020508,4145.765137,4278.84668
30/11/2018,4289.088867,4322.976563,3942.822021,4017.268555
01/12/2018,4024.464355,4309.377441,3969.710693,4214.671875
02/12/2018,4200.733398,4301.519531,4110.978516,4139.87793
03/12/2018,4147.32373,4155.979492,3840.446289,3894.130859
04/12/2018,3886.294922,4075.627686,3832.75,3956.893799
05/12/2018,3958.894775,3969.535889,3753.994873,3753.994873
06/12/2018,3754.074463,3874.966064,3521.101807,3521.101807
07/12/2018,3512.590332,3512.590332,3280.22876,3419.937256
08/12/2018,3421.9104,3506.043457,3350.650635,3476.114746
09/12/2018,3473.227539,3685.305664,3469.094238,3614.234375
10/12/2018,3612.046387,3647.33252,3470.144531,3502.656006
11/12/2018,3497.554688,3513.185059,3392.25,3424.588135
12/12/2018,3421.458252,3534.228516,3413.481445,3486.950195
13/12/2018,3487.879395,3489.739502,3298.13208,3313.677246
14/12/2018,3311.751953,3329.555908,3206.542236,3242.484863
15/12/2018,3243.997559,3275.37793,3191.303467,3236.761719
16/12/2018,3236.274658,3305.753174,3233.819824,3252.839111
17/12/2018,3253.123047,3597.917969,3253.123047,3545.864746
18/12/2018,3544.761475,3701.349365,3487.169189,3696.059082
19/12/2018,3706.824951,3949.322998,3687.22998,3745.950684
20/12/2018,3742.195068,4191.228516,3728.974609,4134.441406
21/12/2018,4133.703613,4198.429688,3850.946289,3896.543701
22/12/2018,3898.08374,4014.182617,3855.739014,4014.182617
23/12/2018,4020.994629,4085.723633,3976.405762,3998.980225
24/12/2018,4000.331787,4271.79248,4000.331787,4078.599121
25/12/2018,4081.030518,4089.561523,3760.020508,3815.490723
26/12/2018,3819.666748,3893.359619,3769.86377,3857.297607
27/12/2018,3854.688477,3874.416992,3645.448486,3654.833496
28/12/2018,3653.131836,3956.135986,3642.63208,3923.918701
29/12/2018,3932.491699,3963.758789,3820.408691,3820.408691
30/12/2018,3822.384766,3901.908936,3797.219238,3865.952637
31/12/2018,3866.839111,3868.74292,3725.867432,3742.700439
01/01/2019,3746.713379,3850.913818,3707.231201,3843.52002
02/01/2019,3849.216309,3947.981201,3817.409424,3943.409424
03/01/2019,3931.048584,3935.685059,3826.2229,3836.741211
04/01/2019,3832.040039,3865.93457,3783.85376,3857.717529
05/01/2019,3851.973877,3904.903076,3836.900146,3845.19458
06/01/2019,3836.519043,4093.297363,3826.513184,4076.632568
07/01/2019,4078.584961,4092.613525,4020.894043,4025.248291
08/01/2019,4028.472168,4109.020996,3996.955322,4030.8479
09/01/2019,4031.552002,4068.403564,4022.662842,4035.296387
10/01/2019,4034.411377,4064.06665,3659.174561,3678.924561
11/01/2019,3674.015381,3713.881836,3653.069824,3687.365479
12/01/2019,3686.973145,3698.978271,3653.810791,3661.301025
13/01/2019,3658.868164,3674.76001,3544.927246,3552.953125
14/01/2019,3557.311035,3727.836182,3552.285156,3706.052246
15/01/2019,3704.216309,3720.15332,3619.949219,3630.675293
16/01/2019,3631.509766,3685.7771,3624.67334,3655.006836
17/01/2019,3651.871094,3680.135986,3621.960938,3678.563965
18/01/2019,3677.990479,3682.52002,3637.080811,3657.839355
19/01/2019,3652.37793,3758.533447,3652.37793,3728.568359
20/01/2019,3725.446045,3743.387939,3583.019531,3601.013672
21/01/2019,3600.372803,3608.84082,3558.537109,3576.032471
22/01/2019,3575.081299,3620.746582,3539.721436,3604.577148
23/01/2019,3605.557129,3623.067871,3565.313965,3585.123047
24/01/2019,3584.500244,3616.087402,3569.092773,3600.865479
25/01/2019,3607.390381,3612.927734,3575.597412,3599.765869
26/01/2019,3599.715332,3654.933105,3593.345947,3602.460449
27/01/2019,3604.687256,3612.671387,3567.24585,3583.96582
28/01/2019,3584.283203,3586.750977,3439.23291,3470.450439
29/01/2019,3468.870117,3476.06543,3400.819824,3448.116943
30/01/2019,3443.896973,3495.174805,3429.387939,3486.181641
31/01/2019,3485.40918,3504.804932,3447.915771,3457.792725
01/02/2019,3460.547119,3501.954102,3431.591553,3487.945313
02/02/2019,3484.625977,3523.287354,3467.574707,3521.060791
03/02/2019,3516.139648,3521.388184,3447.924316,3464.013428
04/02/2019,3467.21167,3476.223877,3442.586914,3459.154053
05/02/2019,3454.950928,3478.148193,3451.937012,3466.357422
06/02/2019,3469.091797,3469.091797,3398.56543,3413.767822
07/02/2019,3414.929443,3427.945557,3394.218506,3399.47168
08/02/2019,3401.376465,3695.614014,3391.023682,3666.780273
09/02/2019,3671.585938,3679.941406,3646.559326,3671.203613
10/02/2019,3673.201416,3695.036133,3640.97998,3690.188232
11/02/2019,3695.613037,3695.613037,3642.287842,3648.430664
12/02/2019,3642.751953,3668.586914,3618.556885,3653.528564
13/02/2019,3653.604004,3669.746582,3617.246338,3632.070557
14/02/2019,3631.170166,3646.256592,3607.697754,3616.880859
15/02/2019,3617.368408,3647.795166,3608.206543,3620.810791
16/02/2019,3615.270264,3652.841309,3615.270264,3629.787598
17/02/2019,3633.359375,3680.537354,3619.182129,3673.836182
18/02/2019,3671.369873,3936.665039,3669.982422,3915.714355
19/02/2019,3911.661621,4010.879395,3908.153076,3947.094482
20/02/2019,3946.685059,4000.486328,3926.246826,3999.820557
21/02/2019,4000.256836,4010.009521,3940.108154,3954.118164
22/02/2019,3952.406494,4006.53833,3950.816406,4005.526611
23/02/2019,3998.91626,4166.286133,3968.726807,4142.526855
24/02/2019,4145.458008,4210.641602,3793.708984,3810.42749
25/02/2019,3807.002441,3913.707275,3807.002441,3882.696289
26/02/2019,3878.697266,3891.578857,3837.986328,3854.35791
27/02/2019,3857.479736,3888.80249,3787.058838,3851.047363
28/02/2019,3848.261963,3906.05835,3845.821289,3854.7854
01/03/2019,3853.75708,3907.79541,3851.692383,3859.58374
02/03/2019,3855.318115,3874.607422,3832.12793,3864.415039
03/03/2019,3862.266113,3875.483643,3836.905762,3847.175781
04/03/2019,3845.091553,3867.381836,3733.749756,3761.557129
05/03/2019,3759.83252,3903.916748,3745.183105,3896.375
06/03/2019,3897.081055,3919.510498,3871.460693,3903.942627
07/03/2019,3903.384766,3939.373291,3894.113037,3911.484375
08/03/2019,3913.22583,3950.432129,3875.228516,3901.131592
09/03/2019,3894.55249,3987.237793,3892.390381,3963.313721
10/03/2019,3966.174316,3966.174316,3924.381104,3951.599854
11/03/2019,3953.740234,3966.384766,3889.239014,3905.227295
12/03/2019,3903.758301,3926.88916,3863.559082,3909.15625
13/03/2019,3913.047363,3926.597656,3891.904297,3906.717285
14/03/2019,3905.576904,3946.504395,3901.296875,3924.369141
15/03/2019,3926.66333,3968.542969,3914.015381,3960.911133
16/03/2019,3963.900146,4077.036377,3961.657471,4048.72583
17/03/2019,4047.719482,4054.12207,4006.411133,4025.229004
18/03/2019,4029.968506,4071.556641,4009.117188,4032.507324
19/03/2019,4032.691895,4082.216064,4023.8125,4071.190186
20/03/2019,4070.793945,4089.461914,4031.11084,4087.476318
21/03/2019,4083.953857,4097.359863,4005.151367,4029.326904
22/03/2019,4028.514648,4053.906738,4021.54248,4023.968262
23/03/2019,4022.713379,4049.882568,4015.9646,4035.826416
24/03/2019,4035.163574,4040.699707,4006.192871,4022.168213
25/03/2019,4024.112793,4038.84082,3934.03125,3963.070557
26/03/2019,3969.22876,3985.080811,3944.753174,3985.080811
27/03/2019,3984.244873,4087.066162,3977.810547,4087.066162
28/03/2019,4087.584473,4094.9021,4040.266357,4069.107178
29/03/2019,4068.299805,4113.500977,4034.097168,4098.374512
30/03/2019,4092.13623,4296.806641,4053.909668,4106.660156
31/03/2019,4105.456055,4113.023438,4094.10083,4105.404297
01/04/2019,4105.362305,4164.953125,4096.901367,4158.183105
02/04/2019,4156.919434,4905.95459,4155.316895,4879.87793
03/04/2019,4879.958008,5307.003418,4876.621094,4973.021973
04/04/2019,4971.307617,5063.159668,4836.793945,4922.798828
05/04/2019,4922.806152,5053.509766,4919.491699,5036.681152
06/04/2019,5036.792969,5205.821777,4992.222168,5059.817383
07/04/2019,5062.793945,5235.186523,5050.412109,5198.896973
08/04/2019,5199.835449,5318.836426,5148.211914,5289.770996
09/04/2019,5289.917969,5289.917969,5167.418945,5204.958496
10/04/2019,5204.105469,5421.651367,5193.382324,5324.551758
11/04/2019,5325.081543,5354.225586,5017.296387,5064.487793
12/04/2019,5061.200684,5103.274414,4955.852539,5089.539063
13/04/2019,5088.850098,5127.12207,5061.589355,5096.586426
14/04/2019,5095.758789,5184.016113,5053.568359,5167.722168
15/04/2019,5167.321777,5196.606934,5024.069336,5067.108398
16/04/2019,5066.577637,5238.945313,5055.194824,5235.55957
17/04/2019,5236.135254,5274.275391,5219.205566,5251.937988
18/04/2019,5251.480469,5319.986328,5250.506836,5298.385742
19/04/2019,5298.154297,5336.680176,5233.334961,5303.8125
20/04/2019,5304.160645,5358.490723,5295.87793,5337.88623
21/04/2019,5335.878906,5359.924805,5257.339355,5314.53125
22/04/2019,5312.494629,5422.6875,5280.276855,5399.365234
23/04/2019,5399.365723,5633.802246,5389.408691,5572.362305
24/04/2019,5571.508301,5642.044434,5418.263184,5464.866699
25/04/2019,5466.524414,5542.238281,5181.338867,5210.515625
26/04/2019,5210.304688,5383.634277,5177.368652,5279.348145
27/04/2019,5279.471191,5310.75,5233.635742,5268.291016
28/04/2019,5271.746582,5326.231934,5255.683594,5285.13916
29/04/2019,5284.858398,5311.274902,5216.487793,5247.352539
30/04/2019,5247.726074,5363.257324,5224.189941,5350.726563
01/05/2019,5350.914551,5418.003906,5347.645996,5402.697266
02/05/2019,5402.422852,5522.262695,5394.217285,5505.283691
03/05/2019,5505.552246,5865.881836,5490.20166,5768.289551
04/05/2019,5769.202637,5886.893555,5645.469238,5831.16748
05/05/2019,5831.068359,5833.862793,5708.035156,5795.708496
06/05/2019,5791.693359,5802.95752,5653.6875,5746.807129
07/05/2019,5745.599121,5988.178223,5741.395996,5829.501465
08/05/2019,5849.481445,5989.980957,5794.71582,5982.45752
09/05/2019,5982.316406,6183.039063,5982.316406,6174.528809
10/05/2019,6175.822754,6434.617676,6161.519043,6378.849121
11/05/2019,6379.666992,7333.00293,6375.69873,7204.771484
12/05/2019,7203.507324,7503.87207,6815.770996,6972.371582
13/05/2019,6971.178223,8047.413086,6898.282227,7814.915039
14/05/2019,7807.884277,8268.712891,7696.391113,7994.416016
15/05/2019,7989.374512,8216.423828,7899.106934,8205.167969
16/05/2019,8194.500977,8320.824219,7729.608398,7884.90918
17/05/2019,7886.925781,7929.145508,7038.124512,7343.895508
18/05/2019,7341.664551,7447.271973,7251.504395,7271.208008
19/05/2019,7267.962891,8261.941406,7267.962891,8197.689453
20/05/2019,8196.923828,8200.967773,7678.781738,7978.309082
21/05/2019,7977.969238,8062.167969,7843.339844,7963.327637
22/05/2019,7956.291992,7997.612305,7615.987305,7680.066406
23/05/2019,7677.269043,7943.791504,7533.196777,7881.84668
24/05/2019,7881.695313,8140.719727,7824.44873,7987.371582
25/05/2019,7991.885254,8117.925781,7965.976074,8052.543945
26/05/2019,8055.206055,8687.520508,7924.67041,8673.21582
27/05/2019,8674.072266,8907.174805,8668.705078,8805.77832
28/05/2019,8802.757813,8807.016602,8634.72168,8719.961914
29/05/2019,8718.591797,8755.852539,8482.728516,8659.487305
30/05/2019,8661.760742,9008.314453,8221.273438,8319.472656
31/05/2019,8320.286133,8586.65918,8172.550781,8574.501953
01/06/2019,8573.839844,8625.600586,8481.578125,8564.016602
02/06/2019,8565.473633,8809.303711,8561.235352,8742.958008
03/06/2019,8741.74707,8743.5,8204.185547,8208.995117
04/06/2019,8210.985352,8210.985352,7564.48877,7707.770996
05/06/2019,7704.343262,7901.849121,7668.668457,7824.231445
06/06/2019,7819.633301,7937.34082,7571.471191,7822.023438
07/06/2019,7826.901367,8126.15332,7788.373535,8043.951172
08/06/2019,8036.774902,8076.891113,7837.61084,7954.12793
09/06/2019,7949.674805,7975.974121,7583.219727,7688.077148
10/06/2019,7692.284668,8031.909668,7586.730957,8000.32959
11/06/2019,8004.243652,8026.394043,7772.803711,7927.714355
12/06/2019,7925.434082,8196.648438,7862.359863,8145.857422
13/06/2019,8145.54541,8311.567383,8087.061035,8230.923828
14/06/2019,8230.898438,8710.636719,8183.393066,8693.833008
15/06/2019,8689.746094,8859.12793,8618.395508,8838.375
16/06/2019,8841.44043,9335.867188,8814.556641,8994.488281
17/06/2019,8988.923828,9416.407227,8988.923828,9320.352539
18/06/2019,9335.466797,9348.374023,9004.901367,9081.762695
19/06/2019,9078.727539,9299.621094,9070.395508,9273.521484
20/06/2019,9273.060547,9594.419922,9232.484375,9527.160156
21/06/2019,9525.074219,10144.55664,9525.074219,10144.55664
22/06/2019,10175.92383,11157.3457,10107.03516,10701.69141
23/06/2019,10696.69141,11246.14453,10556.0957,10855.37109
24/06/2019,10853.74414,11065.89648,10610.42773,11011.10254
25/06/2019,11007.20215,11790.91699,11007.20215,11790.91699
26/06/2019,11778.58106,13796.48926,11755.59766,13016.23145
27/06/2019,13017.125,13311.14453,10491.85254,11182.80664
28/06/2019,11162.16797,12445.17481,10914.49512,12407.33203
29/06/2019,12400.76367,12400.91016,11508.37891,11959.37109
30/06/2019,11931.99121,12178.38379,10799.00879,10817.15527
01/07/2019,10796.93066,11206.43945,10089.31445,10583.13477
02/07/2019,10588.68359,10912.18848,9737.884766,10801.67773
03/07/2019,10818.15625,11968.07813,10818.15625,11961.26953
04/07/2019,11972.71875,12006.0752,11166.56934,11215.4375
05/07/2019,11203.10254,11395.66113,10874.96484,10978.45996
06/07/2019,10982.54395,11620.96484,10982.54395,11208.55078
07/07/2019,11217.61621,11541.62012,11148.80469,11450.84668
08/07/2019,11446.59668,12345.83301,11393.37402,12285.95801
09/07/2019,12284.32617,12779.13184,12233.26172,12573.8125
10/07/2019,12571.53711,13129.5293,11710.97852,12156.5127
11/07/2019,12139.71387,12144.62305,11158.92285,11358.66211
12/07/2019,11354.29981,11905.48731,11179.14453,11815.98633
13/07/2019,11813.12695,11841.95703,10908.47949,11392.37891
14/07/2019,11381.02051,11451.2041,10234.57617,10256.05859
15/07/2019,10257.83887,11052.7666,9992.006836,10895.08984
16/07/2019,10896.65332,10996.63281,9448.106445,9477.641602
17/07/2019,9471.213867,9963.134766,9163.134766,9693.802734
18/07/2019,9698.50293,10736.84277,9376.798828,10666.48242
19/07/2019,10653.95606,10716.98047,10229.62891,10530.73242
20/07/2019,10525.81934,11048.66211,10451.27637,10767.13965
21/07/2019,10777.5293,10841.8877,10389.59961,10599.10547
22/07/2019,10596.94824,10651.79102,10154.92188,10343.10645
23/07/2019,10346.74805,10346.74805,9883.594727,9900.767578
24/07/2019,9887.730469,9908.796875,9614.306641,9811.925781
25/07/2019,9809.09668,10154.25391,9773.957031,9911.841797
26/07/2019,9913.126953,9916.517578,9717.982422,9870.303711
27/07/2019,9871.165039,10167.32031,9411.521484,9477.677734
28/07/2019,9491.626953,9575.544922,9252.296875,9552.860352
29/07/2019,9548.178711,9681.648438,9472.948242,9519.145508
30/07/2019,9522.329102,9701.759766,9437.335938,9607.423828
31/07/2019,9604.050781,10085.62793,9598.097656,10085.62793
01/08/2019,10077.44238,10446.91992,9922.019531,10399.66895
02/08/2019,10402.04297,10657.95313,10371.01367,10518.17481
03/08/2019,10519.27832,10946.78125,10503.50488,10821.72656
04/08/2019,10821.63281,11009.20703,10620.27832,10970.18457
05/08/2019,10960.73535,11895.0918,10960.73535,11805.65332
06/08/2019,11811.54492,12273.82129,11290.73145,11478.16895
07/08/2019,11476.19336,12036.99023,11433.70117,11941.96875
08/08/2019,11954.04004,11979.41992,11556.16797,11966.40723
09/08/2019,11953.46973,11970.45801,11709.74512,11862.93652
10/08/2019,11861.55664,11915.65527,11323.89844,11354.02441
11/08/2019,11349.74023,11523.5791,11248.29492,11523.5791
12/08/2019,11528.18945,11528.18945,11320.95117,11382.61621
13/08/2019,11385.05273,11420.04981,10830.32715,10895.83008
14/08/2019,10889.48731,10889.55664,10028.13574,10051.7041
15/08/2019,10038.42188,10437.41113,9675.316406,10311.5459
16/08/2019,10319.41992,10524.34961,9855.478516,10374.33887
17/08/2019,10358.72266,10452.625,10086.69824,10231.74414
18/08/2019,10233.00586,10487.07031,10119.09473,10345.81055
19/08/2019,10350.2832,10916.05371,10313.2041,10916.05371
20/08/2019,10916.34668,10947.04199,10618.96094,10763.23242
21/08/2019,10764.57227,10798.72949,9962.72168,10138.04981
22/08/2019,10142.52148,10232.99609,9831.462891,10131.05566
23/08/2019,10136.30957,10442.44336,10078.19238,10407.96484
24/08/2019,10407.64453,10418.02051,9982.296875,10159.96094
25/08/2019,10160.73731,10304.62207,10008.78906,10138.51758
26/08/2019,10126.29981,10512.32813,10126.29981,10370.82031
27/08/2019,10372.82617,10381.32813,10087.30078,10185.5
28/08/2019,10203.42676,10279.36621,9716.65625,9754.422852
29/08/2019,9756.786133,9756.786133,9421.629883,9510.200195
30/08/2019,9514.844727,9656.124023,9428.302734,9598.173828
31/08/2019,9597.539063,9673.220703,9531.799805,9630.664063
01/09/2019,9630.592773,9796.755859,9582.944336,9757.970703
02/09/2019,9757.473633,10396.5918,9730.650391,10346.76074
03/09/2019,10345.72559,10736.10449,10308.54785,10623.54004
04/09/2019,10621.18066,10762.64453,10434.70996,10594.49316
05/09/2019,10588.18359,10627.26953,10516.41797,10575.5332
06/09/2019,10578.19824,10898.76172,10292.29981,10353.30273
07/09/2019,10353.93164,10558.67383,10348.91895,10517.25488
08/09/2019,10518.11426,10595.6377,10409.09082,10441.27637
09/09/2019,10443.22852,10450.31152,10144.92969,10334.97461
10/09/2019,10336.4082,10394.35352,10020.57324,10115.97559
11/09/2019,10123.03516,10215.94824,9980.776367,10178.37207
12/09/2019,10176.81934,10442.25391,10099.24219,10410.12695
13/09/2019,10415.36231,10441.48926,10226.59668,10360.54688
14/09/2019,10345.40332,10422.13379,10291.69434,10358.04883
15/09/2019,10356.46582,10387.03516,10313.09277,10347.71289
16/09/2019,10347.22266,10386.86719,10189.74414,10276.79395
17/09/2019,10281.51367,10296.77148,10199.73926,10241.27246
18/09/2019,10247.7959,10275.92871,10191.46973,10198.24805
19/09/2019,10200.49609,10295.66895,9851.692383,10266.41504
20/09/2019,10266.31836,10285.87207,10132.18652,10181.6416
21/09/2019,10183.64844,10188.09766,10000.70801,10019.7168
22/09/2019,10024.11523,10074.44434,9922.533203,10070.39258
23/09/2019,10067.96289,10074.23828,9727.143555,9729.324219
24/09/2019,9729.321289,9804.317383,8370.801758,8620.566406
25/09/2019,8603.428711,8744.828125,8325.396484,8486.993164
26/09/2019,8487.669922,8515.685547,7895.629395,8118.967773
27/09/2019,8113.101074,8271.520508,7965.922852,8251.845703
28/09/2019,8251.273438,8285.617188,8125.431641,8245.915039
29/09/2019,8246.037109,8261.707031,7990.49707,8104.185547
30/09/2019,8104.226563,8314.231445,7830.758789,8293.868164
01/10/2019,8299.720703,8497.692383,8232.679688,8343.276367
02/10/2019,8344.212891,8393.041992,8227.695313,8393.041992
03/10/2019,8390.774414,8414.227539,8146.437012,8259.992188
04/10/2019,8259.494141,8260.055664,8151.236816,8205.939453
05/10/2019,8210.149414,8215.526367,8071.120605,8151.500488
06/10/2019,8149.876953,8161.410156,7958.850586,7988.155762
07/10/2019,7989.120605,8308.450195,7905.766113,8245.623047
08/10/2019,8246.849609,8332.714844,8185.763184,8228.783203
09/10/2019,8229.84082,8627.706055,8169.298828,8595.740234
10/10/2019,8585.280273,8625.272461,8471.933594,8586.473633
11/10/2019,8585.262695,8721.780273,8316.181641,8321.756836
12/10/2019,8315.665039,8415.242188,8313.34082,8336.555664
13/10/2019,8336.902344,8470.988281,8276.612305,8321.005859
14/10/2019,8320.832031,8390.208984,8284.130859,8374.686523
15/10/2019,8373.458008,8410.714844,8182.706543,8205.369141
16/10/2019,8204.674805,8216.8125,7985.089844,8047.526855
17/10/2019,8047.8125,8134.831543,8000.942871,8103.911133
18/10/2019,8100.933594,8138.413574,7902.164063,7973.20752
19/10/2019,7973.803711,8082.629395,7944.776855,7988.560547
20/10/2019,7997.807129,8281.818359,7949.439453,8222.078125
21/10/2019,8225.115234,8296.694336,8196.416016,8243.720703
22/10/2019,8243.402344,8296.651367,8074.462891,8078.203125
23/10/2019,8076.228516,8092.999512,7469.322754,7514.671875
24/10/2019,7509.728027,7532.867676,7446.98877,7493.48877
25/10/2019,7490.703125,8691.540039,7479.984375,8660.700195
26/10/2019,8667.577148,10021.74414,8662.62207,9244.972656
27/10/2019,9241.707031,9749.529297,9112.541992,9551.714844
28/10/2019,9565.101563,9805.118164,9256.148438,9256.148438
29/10/2019,9248.44043,9516.180664,9232.648438,9427.6875
30/10/2019,9422.462891,9426.874023,9085.370117,9205.726563
31/10/2019,9202.458008,9383.161133,9028.717773,9199.584961
01/11/2019,9193.992188,9275.657227,9132.047852,9261.104492
02/11/2019,9259.783203,9377.486328,9249.587891,9324.717773
03/11/2019,9324.787109,9379.806641,9141.251953,9235.354492
04/11/2019,9235.607422,9505.051758,9191.485352,9412.612305
05/11/2019,9413.004883,9457.417969,9256.931641,9342.527344
06/11/2019,9340.864258,9423.237305,9305.90918,9360.879883
07/11/2019,9352.393555,9368.476563,9202.353516,9267.561523
08/11/2019,9265.368164,9272.759766,8775.53418,8804.880859
09/11/2019,8809.46875,8891.818359,8793.163086,8813.582031
10/11/2019,8812.489258,9103.826172,8806.162109,9055.526367
11/11/2019,9056.917969,9081.279297,8700.608398,8757.788086
12/11/2019,8759.751953,8853.768555,8685.427734,8815.662109
13/11/2019,8812.033203,8836.841797,8761.651367,8808.262695
14/11/2019,8811.936523,8826.943359,8692.551758,8708.094727
15/11/2019,8705.708008,8730.873047,8484.84375,8491.992188
16/11/2019,8491.166016,8591.99707,8473.973633,8550.760742
17/11/2019,8549.470703,8727.789063,8500.967773,8577.975586
18/11/2019,8573.980469,8653.280273,8273.573242,8309.286133
19/11/2019,8305.134766,8408.516602,8099.963379,8206.145508
20/11/2019,8203.613281,8237.240234,8010.511719,8027.268066
21/11/2019,8023.644531,8110.098145,7597.381836,7642.75
22/11/2019,7643.569336,7697.382813,6936.706543,7296.577637
23/11/2019,7296.164551,7442.258789,7151.417969,7397.796875
24/11/2019,7398.633789,7408.577148,7029.289063,7047.916992
25/11/2019,7039.977051,7319.856934,6617.166992,7146.133789
26/11/2019,7145.15918,7320.230469,7098.572266,7218.371094
27/11/2019,7220.880859,7619.693359,6974.174316,7531.663574
28/11/2019,7536.820313,7730.072754,7454.121582,7463.105957
29/11/2019,7466.727051,7781.179688,7460.756348,7761.243652
30/11/2019,7764.057129,7836.102051,7515.849609,7569.629883
01/12/2019,7571.616211,7571.616211,7291.341797,7424.29248
02/12/2019,7424.036133,7474.818848,7233.399414,7321.988281
03/12/2019,7323.975586,7418.858887,7229.356934,7320.145508
04/12/2019,7320.125,7539.784668,7170.922852,7252.034668
05/12/2019,7253.241699,7743.431641,7232.676758,7448.307617
06/12/2019,7450.561523,7546.996582,7392.175293,7546.996582
07/12/2019,7547.265625,7589.95166,7525.711426,7556.237793
08/12/2019,7551.338867,7634.606445,7476.091309,7564.345215
09/12/2019,7561.79541,7618.091797,7365.985352,7400.899414
10/12/2019,7397.134277,7424.022949,7246.043945,7278.119629
11/12/2019,7277.197754,7324.15625,7195.527344,7217.427246
12/12/2019,7216.73877,7266.639648,7164.741211,7243.134277
13/12/2019,7244.662109,7293.560547,7227.122559,7269.68457
14/12/2019,7268.902832,7308.836426,7097.208984,7124.673828
15/12/2019,7124.239746,7181.075684,6924.375977,7152.301758
16/12/2019,7153.663086,7171.168945,6903.682617,6932.480469
17/12/2019,6931.31543,6964.075195,6587.974121,6640.515137
18/12/2019,6647.698242,7324.984863,6540.049316,7276.802734
19/12/2019,7277.59082,7346.602539,7041.381836,7202.844238
20/12/2019,7208.636719,7257.921875,7086.124023,7218.816406
21/12/2019,7220.59375,7223.226074,7112.73584,7191.158691
22/12/2019,7191.188477,7518.033203,7167.179199,7511.588867
23/12/2019,7508.902344,7656.17627,7326.192383,7355.628418
24/12/2019,7354.393066,7535.716797,7269.528809,7322.532227
25/12/2019,7325.755859,7357.02002,7220.991211,7275.155762
26/12/2019,7274.799316,7388.302734,7200.386719,7238.966797
27/12/2019,7238.141113,7363.529297,7189.934082,7290.088379
28/12/2019,7289.03125,7399.041016,7286.905273,7317.990234
29/12/2019,7317.647461,7513.948242,7279.865234,7422.652832
30/12/2019,7420.272949,7454.824219,7276.308105,7292.995117
31/12/2019,7294.438965,7335.290039,7169.777832,7193.599121
01/01/2020,7194.89209,7254.330566,7174.944336,7200.174316
02/01/2020,7202.55127,7212.155273,6935.27002,6985.470215
03/01/2020,6984.428711,7413.715332,6914.996094,7344.884277
04/01/2020,7345.375488,7427.385742,7309.51416,7410.656738
05/01/2020,7410.45166,7544.49707,7400.535645,7411.317383
06/01/2020,7410.452148,7781.867188,7409.292969,7769.219238
07/01/2020,7768.682129,8178.21582,7768.227539,8163.692383
08/01/2020,8161.935547,8396.738281,7956.774414,8079.862793
09/01/2020,8082.295898,8082.295898,7842.403809,7879.071289
10/01/2020,7878.307617,8166.554199,7726.774902,8166.554199
11/01/2020,8162.190918,8218.359375,8029.64209,8037.537598
12/01/2020,8033.261719,8200.063477,8009.059082,8192.494141
13/01/2020,8189.771973,8197.788086,8079.700684,8144.194336
14/01/2020,8140.933105,8879.511719,8140.933105,8827.764648
15/01/2020,8825.34375,8890.117188,8657.1875,8807.010742
16/01/2020,8812.481445,8846.460938,8612.095703,8723.786133
17/01/2020,8725.209961,8958.12207,8677.316406,8929.038086
18/01/2020,8927.211914,9012.198242,8827.332031,8942.808594
19/01/2020,8941.445313,9164.362305,8620.080078,8706.245117
20/01/2020,8704.631836,8745.59082,8560.473633,8657.642578
21/01/2020,8658.991211,8755.706055,8544.520508,8745.894531
22/01/2020,8744.210938,8792.994141,8636.74707,8680.875977
23/01/2020,8680.650391,8687.74707,8333.637695,8406.515625
24/01/2020,8405.567383,8514.666992,8266.84082,8445.43457
25/01/2020,8440.119141,8458.453125,8296.21875,8367.847656
26/01/2020,8364.410156,8602.401367,8325.498047,8596.830078
27/01/2020,8597.308594,8977.726563,8597.308594,8909.819336
28/01/2020,8912.524414,9358.589844,8908.447266,9358.589844
29/01/2020,9357.470703,9406.431641,9269.467773,9316.629883
30/01/2020,9316.016602,9553.125977,9230.897461,9508.993164
31/01/2020,9508.313477,9521.706055,9230.776367,9350.529297
01/02/2020,9346.357422,9439.323242,9313.239258,9392.875
02/02/2020,9389.820313,9468.797852,9217.824219,9344.365234
03/02/2020,9344.683594,9540.37207,9248.633789,9293.521484
04/02/2020,9292.841797,9331.265625,9112.811523,9180.962891
05/02/2020,9183.416016,9701.299805,9163.704102,9613.423828
06/02/2020,9617.821289,9824.619141,9539.818359,9729.801758
07/02/2020,9726.00293,9834.716797,9726.00293,9795.943359
08/02/2020,9793.070313,9876.749023,9678.910156,9865.119141
09/02/2020,9863.894531,10129.43555,9850.392578,10116.67383
10/02/2020,10115.55957,10165.76563,9784.563477,9856.611328
11/02/2020,9855.891602,10210.05273,9729.334961,10208.23633
12/02/2020,10202.3877,10393.61133,10202.3877,10326.05469
13/02/2020,10323.96094,10457.62695,10116.16113,10214.37988
14/02/2020,10211.55078,10321.99609,10125.53418,10312.11621
15/02/2020,10313.85645,10341.55566,9874.427734,9889.424805
16/02/2020,9889.179688,10053.96875,9722.386719,9934.433594
17/02/2020,9936.560547,9938.81543,9507.637695,9690.142578
18/02/2020,9691.230469,10161.93555,9632.382813,10141.99609
19/02/2020,10143.79883,10191.67578,9611.223633,9633.386719
20/02/2020,9629.325195,9643.216797,9507.900391,9608.475586
21/02/2020,9611.782227,9723.014648,9589.743164,9686.441406
22/02/2020,9687.707031,9698.231445,9600.728516,9663.181641
23/02/2020,9663.318359,9937.404297,9657.791016,9924.515625
24/02/2020,9921.583008,9951.746094,9537.042969,9650.174805
25/02/2020,9651.3125,9652.737305,9305.021484,9341.705078
26/02/2020,9338.290039,9354.77832,8704.426758,8820.522461
27/02/2020,8825.09375,8932.892578,8577.199219,8784.494141
28/02/2020,8788.728516,8890.456055,8492.932617,8672.455078
29/02/2020,8671.212891,8775.631836,8599.508789,8599.508789
01/03/2020,8599.758789,8726.796875,8471.212891,8562.454102
02/03/2020,8563.264648,8921.308594,8532.630859,8869.669922
03/03/2020,8865.387695,8901.598633,8704.990234,8787.786133
04/03/2020,8788.541992,8843.366211,8712.431641,8755.246094
05/03/2020,8760.285156,9142.054688,8757.253906,9078.762695
06/03/2020,9078.308594,9167.695313,9032.079102,9122.545898
07/03/2020,9121.600586,9163.220703,8890.744141,8909.954102
08/03/2020,8908.206055,8914.34375,8105.25293,8108.116211
09/03/2020,8111.146484,8177.793457,7690.098145,7923.644531
10/03/2020,7922.146973,8136.945313,7814.763184,7909.729492
11/03/2020,7910.089844,7950.814453,7642.8125,7911.430176
12/03/2020,7913.616211,7929.116211,4860.354004,4970.788086
13/03/2020,5017.831055,5838.114746,4106.980957,5563.707031
14/03/2020,5573.077637,5625.226563,5125.069336,5200.366211
15/03/2020,5201.066895,5836.64502,5169.283203,5392.314941
16/03/2020,5385.229492,5385.229492,4575.35791,5014.47998
17/03/2020,5002.578125,5371.348633,4981.90918,5225.629395
18/03/2020,5227.11377,5331.833984,5069.335938,5238.438477
19/03/2020,5245.416504,6329.73584,5236.96875,6191.192871
20/03/2020,6191.653809,6844.261719,5865.781738,6198.77832
21/03/2020,6206.521484,6378.135254,5932.823242,6185.066406
22/03/2020,6185.558105,6359.697266,5823.713867,5830.254883
23/03/2020,5831.374512,6443.93457,5785.004395,6416.314941
24/03/2020,6436.642578,6789.022949,6411.066406,6734.803711
25/03/2020,6738.716797,6892.51123,6536.92627,6681.062988
26/03/2020,6675.170898,6735.463867,6590.962891,6716.44043
27/03/2020,6719.38916,6793.836426,6466.70166,6469.79834
28/03/2020,6467.253906,6467.500977,6117.837891,6242.193848
29/03/2020,6245.624512,6250.467285,5920.085938,5922.042969
30/03/2020,5925.538574,6517.195801,5903.234375,6429.841797
31/03/2020,6430.606445,6504.515137,6374.162109,6438.644531
01/04/2020,6437.319336,6612.57373,6202.373535,6606.776367
02/04/2020,6606.776367,7088.247559,6595.918457,6793.624512
03/04/2020,6797.396484,7003.220703,6673.335938,6733.387207
04/04/2020,6738.382813,6878.953613,6696.484863,6867.527344
05/04/2020,6862.537598,6883.414063,6715.929199,6791.129395
06/04/2020,6788.049805,7271.78125,6782.889648,7271.78125
07/04/2020,7273.644043,7427.939453,7136.714355,7176.414551
08/04/2020,7179.283203,7356.223633,7153.305664,7334.098633
09/04/2020,7337.966309,7341.448242,7179.094238,7302.089355
10/04/2020,7303.81543,7303.81543,6802.475098,6865.493164
11/04/2020,6867.44043,6926.069824,6789.920898,6859.083008
12/04/2020,6858.067871,7119.947266,6811.078125,6971.091797
13/04/2020,6965.616699,6965.616699,6668.259766,6845.037598
14/04/2020,6843.281738,6958.557129,6793.821289,6842.427734
15/04/2020,6845.561523,6928.664551,6633.402832,6642.109863
16/04/2020,6640.454102,7134.450684,6555.504395,7116.804199
17/04/2020,7116.552734,7167.183105,7050.332031,7096.18457
18/04/2020,7092.291504,7269.956543,7089.24707,7257.665039
19/04/2020,7260.922363,7280.521973,7167.054688,7189.424805
20/04/2020,7186.873535,7240.290527,6835.50293,6881.958496
21/04/2020,6879.78418,6934.551758,6834.442383,6880.323242
22/04/2020,6879.44043,7145.865723,6867.781738,7117.20752
23/04/2020,7121.306152,7491.785156,7081.594727,7429.724609
24/04/2020,7434.181641,7574.195801,7434.181641,7550.900879
25/04/2020,7550.48291,7641.36377,7521.672363,7569.936035
26/04/2020,7570.13916,7700.594238,7561.407715,7679.867188
27/04/2020,7679.418945,7795.601074,7679.418945,7795.601074
28/04/2020,7796.970215,7814.527344,7730.806641,7807.058594
29/04/2020,7806.712402,8871.753906,7786.049316,8801.038086
30/04/2020,8797.669922,9440.650391,8533.255859,8658.553711
01/05/2020,8672.782227,9048.023438,8667.763672,8864.766602
02/05/2020,8869.057617,9007.1875,8811.366211,8988.59668
03/05/2020,8983.614258,9167.78125,8830.97168,8897.46875
04/05/2020,8895.745117,8956.90625,8645.024414,8912.654297
05/05/2020,8912.832031,9062.415039,8856.827148,9003.070313
06/05/2020,9007.441406,9411.467773,8966.706055,9268.761719
07/05/2020,9261.895508,9992.664063,9138.322266,9951.518555
08/05/2020,9936.162109,9996.743164,9767.172852,9842.666016
09/05/2020,9840.90625,9913.863281,9580.644531,9593.896484
10/05/2020,9591.168945,9595.581055,8395.107422,8756.430664
11/05/2020,8755.535156,9033.470703,8374.323242,8601.795898
12/05/2020,8610.385742,8949.898438,8569.643555,8804.477539
13/05/2020,8805.387695,9317.878906,8805.387695,9269.987305
14/05/2020,9271.329102,9793.268555,9255.035156,9733.72168
15/05/2020,9734.291016,9755.828125,9261.398438,9328.197266
16/05/2020,9333.240234,9564.205078,9260.694336,9377.013672
17/05/2020,9374.929688,9823.001953,9349.545898,9670.739258
18/05/2020,9675.695313,9906.030273,9570.359375,9726.575195
19/05/2020,9727.063477,9836.047852,9539.624023,9729.038086
20/05/2020,9725.329102,9804.793945,9447.201172,9522.981445
21/05/2020,9522.740234,9555.242188,8869.930664,9081.761719
22/05/2020,9080.334961,9232.936523,9008.638672,9182.577148
23/05/2020,9185.0625,9302.501953,9118.108398,9209.287109
24/05/2020,9212.283203,9288.404297,8787.250977,8790.368164
25/05/2020,8786.107422,8951.005859,8719.667969,8906.93457
26/05/2020,8909.585938,8991.967773,8757.293945,8835.052734
27/05/2020,8837.380859,9203.320313,8834.157227,9181.017578
28/05/2020,9184.945313,9546.319336,9148.457031,9525.750977
29/05/2020,9528.355469,9573.666992,9379.338867,9439.124023
30/05/2020,9438.914063,9704.030273,9366.729492,9700.414063
31/05/2020,9700.105469,9700.34375,9432.296875,9461.058594
01/06/2020,9463.605469,10199.56543,9450.899414,10167.26856
02/06/2020,10162.97363,10182.34082,9460.571289,9529.803711
03/06/2020,9533.760742,9682.859375,9471.84668,9656.717773
04/06/2020,9655.854492,9887.610352,9525.24707,9800.636719
05/06/2020,9800.21582,9869.237305,9663.216797,9665.533203
06/06/2020,9664.904297,9773.431641,9591.024414,9653.679688
07/06/2020,9653.00293,9768.498047,9458.150391,9758.852539
08/06/2020,9760.063477,9782.306641,9675.885742,9771.489258
09/06/2020,9774.360352,9836.369141,9664.719727,9795.700195
10/06/2020,9794.119141,9908.896484,9728.291016,9870.094727
11/06/2020,9870.078125,9938.297852,9263.069336,9321.78125
12/06/2020,9320.69043,9540.46582,9285.851563,9480.84375
13/06/2020,9480.735352,9493.211914,9396.009766,9475.277344
14/06/2020,9477.553711,9482.270508,9347.59375,9386.788086
15/06/2020,9386.035156,9504.860352,8990.175781,9450.702148
16/06/2020,9454.266602,9579.430664,9400.445313,9538.024414
17/06/2020,9533.78418,9540.422852,9327.339844,9480.254883
18/06/2020,9481.567383,9482.782227,9328.395508,9411.84082
19/06/2020,9410.293945,9440.875977,9274.295898,9288.018555
20/06/2020,9290.959961,9394.97168,9247.379883,9332.34082
21/06/2020,9330.926758,9401.107422,9300.430664,9303.629883
22/06/2020,9300.915039,9655.073242,9296.87207,9648.717773
23/06/2020,9644.076172,9670.541016,9547.24707,9629.658203
24/06/2020,9632.149414,9680.367188,9278.233398,9313.610352
25/06/2020,9314.126953,9340.161133,9095.324219,9264.813477
26/06/2020,9260.995117,9310.516602,9101.738281,9162.917969
27/06/2020,9167.824219,9207.810547,8998.216797,9045.390625
28/06/2020,9048.460938,9197.546875,8975.525391,9143.582031
29/06/2020,9140.029297,9237.573242,9041.875977,9190.854492
30/06/2020,9185.581055,9217.835938,9084.837891,9137.993164
01/07/2020,9145.985352,9309.754883,9104.735352,9228.325195
02/07/2020,9231.139648,9274.962891,9036.623047,9123.410156
03/07/2020,9124.842773,9202.344727,9058.794922,9087.303711
04/07/2020,9084.233398,9183.295898,9053.629883,9132.488281
05/07/2020,9126.09082,9162.183594,8977.015625,9073.942383
06/07/2020,9072.849609,9375.474609,9058.664063,9375.474609
07/07/2020,9349.161133,9360.617188,9201.81543,9252.277344
08/07/2020,9253.020508,9450.335938,9249.5,9428.333008
09/07/2020,9427.994141,9431.378906,9234.999023,9277.967773
10/07/2020,9273.357422,9287.47168,9118.001953,9278.807617
11/07/2020,9277.511719,9293.532227,9199.485352,9240.34668
12/07/2020,9241.054688,9319.418945,9197.450195,9276.5
13/07/2020,9277.205078,9306.405273,9224.292969,9243.614258
14/07/2020,9238.703125,9283.841797,9171.661133,9243.213867
15/07/2020,9241.897461,9275.325195,9171.933594,9192.836914
16/07/2020,9191.980469,9214.3125,9088.947266,9132.227539
17/07/2020,9131.8125,9182.253906,9089.202148,9151.392578
18/07/2020,9151.183594,9230.983398,9100.824219,9159.040039
19/07/2020,9158.005859,9201.398438,9097.632813,9185.817383
20/07/2020,9187.220703,9214.270508,9137.509766,9164.231445
21/07/2020,9162.514648,9407.262695,9149.389648,9374.887695
22/07/2020,9375.080078,9530.518555,9319.65332,9525.363281
23/07/2020,9527.141602,9610.24707,9483.003906,9581.072266
24/07/2020,9585.514648,9623.336914,9481.454102,9536.892578
25/07/2020,9539.485352,9704.556641,9530.211914,9677.113281
26/07/2020,9680.234375,10023.80762,9652.847656,9905.166992
27/07/2020,9905.217773,11298.22168,9903.969727,10990.87305
28/07/2020,11017.46387,11204.32715,10632.63184,10912.82324
29/07/2020,10912.95313,11304.39746,10856.1416,11100.46777
30/07/2020,11099.83301,11169.35645,10895.45508,11111.21387
31/07/2020,11110.21094,11415.86426,10987.05371,11323.4668
01/08/2020,11322.57031,11794.77539,11239.68262,11759.59277
02/08/2020,11758.76465,12034.14453,11018.12988,11053.61426
03/08/2020,11043.76856,11453.0791,11012.41504,11246.34863
04/08/2020,11246.20313,11385.38184,11094.14551,11205.89258
05/08/2020,11203.82324,11786.61719,11158.28516,11747.02246
06/08/2020,11749.87109,11902.33594,11598.71387,11779.77344
07/08/2020,11778.89453,11898.03809,11408.59375,11601.47266
08/08/2020,11604.55371,11800.06445,11558.43164,11754.0459
09/08/2020,11737.3252,11806.05664,11548.78418,11675.73926
10/08/2020,11662.25684,12045.14063,11662.25684,11878.11133
11/08/2020,11881.64746,11932.71094,11195.70898,11410.52539
12/08/2020,11404.59668,11748.39648,11249.60547,11584.93457
13/08/2020,11588.40527,11796.39648,11216.87207,11784.1377
14/08/2020,11772.65918,12150.99414,11685.45508,11768.87109
15/08/2020,11768.69727,11963.20313,11768.69727,11865.69824
16/08/2020,11866.68555,11934.90137,11737.18848,11892.80371
17/08/2020,11895.6582,12359.05664,11806.69629,12254.40234
18/08/2020,12251.89551,12335.70703,11954.52539,11991.2334
19/08/2020,11990.88477,12028.92383,11687.33301,11758.2832
20/08/2020,11761.5,11900.41113,11710.06348,11878.37207
21/08/2020,11878.02637,11899.25977,11564.97949,11592.48926
22/08/2020,11585.47754,11689.40723,11448.80566,11681.8252
23/08/2020,11679.69629,11713.42969,11559.9209,11664.84766
24/08/2020,11663.68945,11807.63184,11623.25,11774.5957
25/08/2020,11773.58887,11778.29981,11189.85059,11366.13477
26/08/2020,11366.89453,11530.05273,11296.99316,11488.36328
27/08/2020,11485.6084,11570.78613,11185.94141,11323.39746
28/08/2020,11325.2959,11545.61523,11316.42285,11542.5
29/08/2020,11541.05469,11585.64063,11466.29297,11506.86523
30/08/2020,11508.71387,11715.26465,11492.38184,11711.50586
31/08/2020,11713.30664,11768.87695,11598.31836,11680.82031
01/09/2020,11679.31641,12067.08106,11601.12891,11970.47852
02/09/2020,11964.82324,11964.82324,11290.79395,11414.03418
03/09/2020,11407.19141,11443.02246,10182.46484,10245.29688
04/09/2020,10230.36523,10663.91992,10207.94043,10511.81348
05/09/2020,10512.53027,10581.57129,9946.675781,10169.56738
06/09/2020,10167.2168,10353.92773,10056.88574,10280.35156
07/09/2020,10280.99805,10399.15332,9916.493164,10369.56348
08/09/2020,10369.30664,10414.77539,9945.110352,10131.5166
09/09/2020,10134.15137,10350.54297,10017.25098,10242.34766
10/09/2020,10242.33008,10503.91211,10238.13574,10363.13867
11/09/2020,10369.02832,10434.92285,10140.83691,10400.91504
12/09/2020,10409.86133,10578.83789,10292.38672,10442.1709
13/09/2020,10452.39941,10577.21484,10224.33008,10323.75586
14/09/2020,10328.73438,10800.01074,10266.00879,10680.83789
15/09/2020,10677.75488,10938.63184,10656.45996,10796.95117
16/09/2020,10797.76172,11100.12402,10704.88477,10974.90527
17/09/2020,10973.25195,11037.4209,10774.62793,10948.99023
18/09/2020,10951.82031,11034.9082,10829.65723,10944.58594
19/09/2020,10933.75293,11134.09277,10909.61816,11094.34668
20/09/2020,11095.87012,11095.87012,10814.47754,10938.27148
21/09/2020,10934.92578,10988.30469,10380.26074,10462.25977
22/09/2020,10459.62402,10568.07715,10382.72656,10538.45996
23/09/2020,10535.49219,10537.82813,10197.86523,10246.18652
24/09/2020,10248.78613,10771.05664,10231.49023,10760.06641
25/09/2020,10761.10938,10777.69629,10578.91406,10692.7168
26/09/2020,10695.5752,10772.99902,10667.28125,10750.72363
27/09/2020,10746.89258,10803.97656,10622.92188,10775.26953
28/09/2020,10776.61328,10945.34766,10703.89356,10709.65234
29/09/2020,10709.65039,10860.00098,10649.49512,10844.64063
30/09/2020,10843.87109,10847.25684,10669.32129,10784.49121
01/10/2020,10795.25488,10933.62402,10472.35645,10619.45215
02/10/2020,10619.82129,10657.83789,10416.68945,10575.97461
03/10/2020,10575.10059,10598.94043,10511.12988,10549.3291
04/10/2020,10550.44043,10686,10534.3916,10669.58301
05/10/2020,10676.5293,10793.50781,10634.60059,10793.33984
06/10/2020,10796.30664,10797.57813,10528.89063,10604.40625
07/10/2020,10603.35547,10680.50781,10562.50684,10668.96875
08/10/2020,10669.37109,10945.73731,10562.60645,10915.68555
09/10/2020,10927.91309,11102.67188,10846.85059,11064.45801
10/10/2020,11059.14258,11442.21094,11056.94043,11296.36133
11/10/2020,11296.08203,11428.81348,11288.62793,11384.18164
12/10/2020,11392.63574,11698.46777,11240.68652,11555.36328
13/10/2020,11548.71973,11548.98438,11321.22461,11425.89941
14/10/2020,11429.04785,11539.97754,11307.83106,11429.50684
15/10/2020,11426.60254,11569.91406,11303.60352,11495.34961
16/10/2020,11502.82813,11540.06152,11223.0127,11322.12305
17/10/2020,11322.12305,11386.26172,11285.3457,11358.10156
18/10/2020,11355.98242,11483.35938,11347.57813,11483.35938
19/10/2020,11495.03809,11799.09277,11408.29004,11742.03711
20/10/2020,11745.97461,11999.91797,11681.48047,11916.33496
21/10/2020,11913.07715,13184.56641,11900.92871,12823.68945
22/10/2020,12801.63574,13161.59375,12717.09375,12965.8916
23/10/2020,12971.54883,13015.96191,12752.64746,12931.53906
24/10/2020,12931.57422,13145.06641,12885.74707,13108.0625
25/10/2020,13108.06348,13329.18359,12910.06152,13031.17383
26/10/2020,13031.20117,13225.29785,12822.38281,13075.24805
27/10/2020,13075.24219,13759.66895,13060.83789,13654.21875
28/10/2020,13654.21484,13837.69531,12932.25098,13271.28516
29/10/2020,13271.29883,13612.04785,12980.05957,13437.88281
30/10/2020,13437.87402,13651.5166,13136.19824,13546.52246
31/10/2020,13546.53223,14028.21387,13457.53027,13780.99512
01/11/2020,13780.99512,13862.0332,13628.37793,13737.10938
02/11/2020,13737.03223,13808.32324,13243.16016,13550.48926
03/11/2020,13550.45117,13984.98145,13325.44141,13950.30078
04/11/2020,13950.48828,14218.7666,13580.47168,14133.70703
05/11/2020,14133.7334,15706.4043,14102.08887,15579.84863
06/11/2020,15579.72949,15903.4375,15226.83984,15565.88086
07/11/2020,15565.88086,15737.0957,14423.20313,14833.75391
08/11/2020,14833.75391,15637.32031,14744.11035,15479.56738
09/11/2020,15479.5957,15785.13672,14865.5293,15332.31543
10/11/2020,15332.35059,15450.3291,15124.95996,15290.90234
11/11/2020,15290.90918,15916.26074,15290.00684,15701.33984
12/11/2020,15701.29883,16305.00391,15534.77148,16276.34375
13/11/2020,16276.44043,16463.17773,15992.15234,16317.80859
14/11/2020,16317.80859,16317.80859,15749.19336,16068.13867
15/11/2020,16068.13965,16123.11035,15793.53418,15955.58789
16/11/2020,15955.57715,16816.18164,15880.70606,16716.11133
17/11/2020,16685.69141,17782.91992,16564.54492,17645.40625
18/11/2020,17645.19141,18393.94922,17352.90625,17804.00586
19/11/2020,17803.86133,18119.54688,17382.55469,17817.08984
20/11/2020,17817.08398,18773.22656,17765.79492,18621.31445
21/11/2020,18621.31641,18936.62109,18444.35938,18642.23242
22/11/2020,18642.23242,18688.96875,17671.38477,18370.00195
23/11/2020,18370.01758,18711.42578,18000.79688,18364.12109
24/11/2020,18365.01563,19348.27148,18128.65625,19107.46484
25/11/2020,19104.41016,19390.96484,18581.14648,18732.12109
26/11/2020,18729.83984,18866.28516,16351.03516,17150.62305
27/11/2020,17153.91406,17445.02344,16526.42383,17108.40234
28/11/2020,17112.93359,17853.93945,16910.65234,17717.41406
29/11/2020,17719.63477,18283.62891,17559.11719,18177.48438
30/11/2020,18178.32227,19749.26367,18178.32227,19625.83594
01/12/2020,19633.76953,19845.97461,18321.92188,18802.99805
02/12/2020,18801.74414,19308.33008,18347.71875,19201.0918
03/12/2020,19205.92578,19566.19141,18925.78516,19445.39844
04/12/2020,19446.9668,19511.4043,18697.19336,18699.76563
05/12/2020,18698.38477,19160.44922,18590.19336,19154.23047
06/12/2020,19154.17969,19390.5,18897.89453,19345.12109
07/12/2020,19343.12891,19411.82813,18931.14258,19191.63086
08/12/2020,19191.5293,19283.47852,18269.94531,18321.14453
09/12/2020,18320.88477,18626.29297,17935.54688,18553.91602
10/12/2020,18553.29883,18553.29883,17957.06445,18264.99219
11/12/2020,18263.92969,18268.45313,17619.5332,18058.9043
12/12/2020,18051.32031,18919.55078,18046.04102,18803.65625
13/12/2020,18806.76563,19381.53516,18734.33203,19142.38281
14/12/2020,19144.49219,19305.09961,19012.70898,19246.64453
15/12/2020,19246.91992,19525.00781,19079.8418,19417.07617
16/12/2020,19418.81836,21458.9082,19298.31641,21310.59766
17/12/2020,21308.35156,23642.66016,21234.67578,22805.16211
18/12/2020,22806.79688,23238.60156,22399.8125,23137.96094
19/12/2020,23132.86523,24085.85547,22826.47266,23869.83203
20/12/2020,23861.76563,24209.66016,23147.71094,23477.29492
21/12/2020,23474.45508,24059.98242,22159.36719,22803.08203
22/12/2020,22794.03906,23789.90234,22430.60547,23783.0293
23/12/2020,23781.97461,24024.49023,22802.64648,23241.3457
24/12/2020,23240.20313,23768.33789,22777.59766,23735.94922
25/12/2020,23733.57031,24710.10156,23463.67383,24664.79102
26/12/2020,24677.01563,26718.07031,24522.68945,26437.03711
27/12/2020,26439.37305,28288.83984,25922.76953,26272.29492
28/12/2020,26280.82227,27389.11133,26207.64063,27084.80859
29/12/2020,27081.81055,27370.7207,25987.29883,27362.4375
30/12/2020,27360.08984,28937.74023,27360.08984,28840.95313
31/12/2020,28841.57422,29244.87695,28201.99219,29001.7207
01/01/2021,28994.00977,29600.62695,28803.58594,29374.15234
02/01/2021,29376.45508,33155.11719,29091.18164,32127.26758
03/01/2021,32129.4082,34608.55859,32052.31641,32782.02344
04/01/2021,32810.94922,33440.21875,28722.75586,31971.91406
05/01/2021,31977.04102,34437.58984,30221.1875,33992.42969
06/01/2021,34013.61328,36879.69922,33514.03516,36824.36328
07/01/2021,36833.875,40180.36719,36491.19141,39371.04297
08/01/2021,39381.76563,41946.73828,36838.63672,40797.60938
09/01/2021,40788.64063,41436.35156,38980.875,40254.54688
10/01/2021,40254.21875,41420.19141,35984.62891,38356.44141
11/01/2021,38346.53125,38346.53125,30549.59961,35566.65625
12/01/2021,35516.35938,36568.52734,32697.97656,33922.96094
13/01/2021,33915.12109,37599.96094,32584.66797,37316.35938
14/01/2021,37325.10938,39966.40625,36868.5625,39187.32813
15/01/2021,39156.70703,39577.71094,34659.58984,36825.36719
16/01/2021,36821.64844,37864.36719,35633.55469,36178.14063
17/01/2021,36163.64844,36722.35156,34069.32031,35791.27734
18/01/2021,35792.23828,37299.28516,34883.84375,36630.07422
19/01/2021,36642.23438,37755.89063,36069.80469,36069.80469
20/01/2021,36050.11328,36378.32813,33570.47656,35547.75
21/01/2021,35549.39844,35552.67969,30250.75,30825.69922
22/01/2021,30817.625,33811.85156,28953.37305,33005.76172
23/01/2021,32985.75781,33360.97656,31493.16016,32067.64258
24/01/2021,32064.37695,32944.00781,31106.68555,32289.37891
25/01/2021,32285.79883,34802.74219,32087.78711,32366.39258
26/01/2021,32358.61328,32794.55078,31030.26563,32569.84961
27/01/2021,32564.0293,32564.0293,29367.13867,30432.54688
28/01/2021,30441.04102,33858.3125,30023.20703,33466.09766
29/01/2021,34318.67188,38406.26172,32064.81445,34316.38672
30/01/2021,34295.93359,34834.70703,32940.1875,34269.52344
31/01/2021,34270.87891,34288.33203,32270.17578,33114.35938
01/02/2021,33114.57813,34638.21484,32384.22852,33537.17578
02/02/2021,33533.19922,35896.88281,33489.21875,35510.28906
03/02/2021,35510.82031,37480.1875,35443.98438,37472.08984
04/02/2021,37475.10547,38592.17578,36317.5,36926.06641
05/02/2021,36931.54688,38225.90625,36658.76172,38144.30859
06/02/2021,38138.38672,40846.54688,38138.38672,39266.01172
07/02/2021,39250.19141,39621.83594,37446.15234,38903.44141
08/02/2021,38886.82813,46203.92969,38076.32422,46196.46484
09/02/2021,46184.99219,48003.72266,45166.96094,46481.10547
10/02/2021,46469.76172,47145.56641,43881.15234,44918.18359
11/02/2021,44898.71094,48463.46875,44187.76172,47909.33203
12/02/2021,47877.03516,48745.73438,46424.97656,47504.85156
13/02/2021,47491.20313,48047.74609,46392.28125,47105.51563
14/02/2021,47114.50781,49487.64063,47114.50781,48717.28906
15/02/2021,48696.53516,48875.57031,46347.47656,47945.05859
16/02/2021,47944.45703,50341.10156,47201.30469,49199.87109
17/02/2021,49207.27734,52533.91406,49072.37891,52149.00781
18/02/2021,52140.97266,52474.10547,51015.76563,51679.79688
19/02/2021,51675.98047,56113.65234,50937.27734,55888.13281
20/02/2021,55887.33594,57505.22656,54626.55859,56099.51953
21/02/2021,56068.56641,58330.57031,55672.60938,57539.94531
22/02/2021,57532.73828,57533.39063,48967.56641,54207.32031
23/02/2021,54204.92969,54204.92969,45290.58984,48824.42578
24/02/2021,48835.08594,51290.13672,47213.5,49705.33203
25/02/2021,49709.08203,51948.96875,47093.85156,47093.85156
26/02/2021,47180.46484,48370.78516,44454.84375,46339.76172
27/02/2021,46344.77344,48253.26953,45269.02734,46188.45313
28/02/2021,46194.01563,46716.42969,43241.61719,45137.76953
01/03/2021,45159.50391,49784.01563,45115.09375,49631.24219
02/03/2021,49612.10547,50127.51172,47228.84375,48378.98828
03/03/2021,48415.81641,52535.13672,48274.32031,50538.24219
04/03/2021,50522.30469,51735.08984,47656.92969,48561.16797
05/03/2021,48527.03125,49396.42969,46542.51563,48927.30469
06/03/2021,48899.23047,49147.21875,47257.52734,48912.38281
07/03/2021,48918.67969,51384.36719,48918.67969,51206.69141
08/03/2021,51174.11719,52314.07031,49506.05469,52246.52344
09/03/2021,52272.96875,54824.11719,51981.83203,54824.11719
10/03/2021,54824.01172,57258.25391,53290.89063,56008.55078
11/03/2021,55963.17969,58091.0625,54484.59375,57805.12109
12/03/2021,57821.21875,57996.62109,55376.64844,57332.08984
13/03/2021,57343.37109,61683.86328,56217.97266,61243.08594
14/03/2021,61221.13281,61597.91797,59302.31641,59302.31641
15/03/2021,59267.42969,60540.99219,55393.16406,55907.19922
16/03/2021,55840.78516,56833.17969,53555.02734,56804.90234
17/03/2021,56825.82813,58969.81641,54528.62891,58870.89453
18/03/2021,58893.07813,60116.25,54253.57813,57858.92188
19/03/2021,57850.44141,59498.375,56643.70313,58346.65234
20/03/2021,58332.26172,60031.28516,58213.29688,58313.64453
21/03/2021,58309.91406,58767.89844,56005.61719,57523.42188
22/03/2021,57517.89063,58471.48047,54288.15625,54529.14453
23/03/2021,54511.66016,55985.44141,53470.69531,54738.94531
24/03/2021,54710.48828,57262.38281,52514.33203,52774.26563
25/03/2021,52726.74609,53392.38672,50856.57031,51704.16016
26/03/2021,51683.01172,55137.3125,51579.85547,55137.3125
27/03/2021,55137.56641,56568.21484,54242.91016,55973.51172
28/03/2021,55974.94141,56610.3125,55071.11328,55950.74609
29/03/2021,55947.89844,58342.09766,55139.33984,57750.19922
30/03/2021,57750.13281,59447.22266,57251.55078,58917.69141
31/03/2021,58930.27734,59930.02734,57726.41797,58918.83203
01/04/2021,58926.5625,59586.07031,58505.27734,59095.80859
02/04/2021,59098.87891,60267.1875,58869.28125,59384.3125
03/04/2021,59397.41016,60110.26953,57603.89063,57603.89063
04/04/2021,57604.83984,58913.74609,57168.67578,58758.55469
05/04/2021,58760.875,59891.29688,57694.82422,59057.87891
06/04/2021,59171.93359,59479.57813,57646.80859,58192.35938
07/04/2021,58186.50781,58731.14453,55604.02344,56048.9375
08/04/2021,56099.91406,58338.73828,55879.08594,58323.95313
09/04/2021,58326.5625,58937.04688,57807.86328,58245.00391
10/04/2021,58253.77734,61276.66406,58038.70703,59793.23438
11/04/2021,59846.23047,60790.55469,59289.79688,60204.96484
12/04/2021,60175.94531,61253.03516,59589.875,59893.45313
13/04/2021,59890.01953,63742.28516,59869.95703,63503.45703
14/04/2021,63523.75391,64863.09766,61554.79688,63109.69531
15/04/2021,63075.19531,63821.67188,62208.96484,63314.01172
16/04/2021,63258.50391,63594.72266,60222.53125,61572.78906
17/04/2021,61529.92188,62572.17578,60361.35156,60683.82031
18/04/2021,60701.88672,61057.45703,52829.53516,56216.18359
19/04/2021,56191.58594,57520.05469,54368.59375,55724.26563
20/04/2021,55681.79297,57062.14844,53448.04688,56473.03125
21/04/2021,56471.12891,56757.97266,53695.46875,53906.08984
22/04/2021,53857.10547,55410.23047,50583.8125,51762.27344
23/04/2021,51739.80859,52120.79297,47714.66406,51093.65234
24/04/2021,51143.22656,51167.5625,48805.28516,50050.86719
25/04/2021,50052.83203,50506.01953,47159.48438,49004.25391
26/04/2021,49077.79297,54288.00391,48852.79688,54021.75391
27/04/2021,54030.30469,55416.96484,53319.1875,55033.11719
28/04/2021,55036.63672,56227.20703,53887.91797,54824.70313
29/04/2021,54858.08984,55115.84375,52418.02734,53555.10938
30/04/2021,53568.66406,57900.71875,53129.60156,57750.17578
01/05/2021,57714.66406,58448.33984,57052.27344,57828.05078
02/05/2021,57825.86328,57902.59375,56141.90625,56631.07813
03/05/2021,56620.27344,58973.30859,56590.87109,57200.29297
04/05/2021,57214.17969,57214.17969,53191.42578,53333.53906
05/05/2021,53252.16406,57911.36328,52969.05469,57424.00781
06/05/2021,57441.30859,58363.31641,55382.50781,56396.51563
07/05/2021,56413.95313,58606.63281,55321.84766,57356.40234
08/05/2021,57352.76563,59464.61328,56975.21094,58803.77734
09/05/2021,58877.39063,59210.88281,56482.00391,58232.31641
10/05/2021,58250.87109,59519.35547,54071.45703,55859.79688
11/05/2021,55847.24219,56872.54297,54608.65234,56704.57422
12/05/2021,56714.53125,57939.36328,49150.53516,49150.53516
13/05/2021,49735.43359,51330.84375,46980.01953,49716.19141
14/05/2021,49682.98047,51438.11719,48868.57813,49880.53516
15/05/2021,49855.49609,50639.66406,46664.14063,46760.1875
16/05/2021,46716.63672,49720.04297,43963.35156,46456.05859
17/05/2021,46415.89844,46623.55859,42207.28906,43537.51172
18/05/2021,43488.05859,45812.45703,42367.83203,42909.40234
19/05/2021,42944.97656,43546.11719,30681.49609,37002.44141
20/05/2021,36753.66797,42462.98438,35050.61719,40782.73828
21/05/2021,40596.94922,42172.17188,33616.45313,37304.69141
22/05/2021,37371.03125,38831.05469,35383.68359,37536.63281
23/05/2021,37531.44922,38289.21875,31227.33984,34770.58203
24/05/2021,34700.36328,39835.14063,34551.08203,38705.98047
25/05/2021,38795.78125,39776.35156,36581.42969,38402.22266
26/05/2021,38392.625,40782.07813,37905.83594,39294.19922
27/05/2021,39316.89063,40379.61719,37247.90234,38436.96875
28/05/2021,38507.08203,38856.96875,34779.03906,35697.60547
29/05/2021,35684.15625,37234.5,33693.92969,34616.06641
30/05/2021,34607.40625,36400.66797,33520.73828,35678.12891
31/05/2021,35658.59375,37468.25,34241.94531,37332.85547
01/06/2021,37293.79297,37896.73438,35787.08594,36684.92578
02/06/2021,36699.92188,38231.33984,35966.30859,37575.17969
03/06/2021,37599.41016,39478.95313,37243.97266,39208.76563
04/06/2021,39242.48438,39242.48438,35717.72266,36894.40625
05/06/2021,36880.15625,37917.71484,34900.41406,35551.95703
06/06/2021,35538.60938,36436.42188,35304.57813,35862.37891
07/06/2021,35835.26563,36790.57031,33480.64063,33560.70703
08/06/2021,33589.51953,34017.38672,31114.44336,33472.63281
09/06/2021,33416.97656,37537.37109,32475.86523,37345.12109
10/06/2021,37389.51563,38334.32422,35847.59375,36702.59766
11/06/2021,36697.03125,37608.69531,36044.44922,37334.39844
12/06/2021,37340.14453,37408.92578,34728.19141,35552.51563
13/06/2021,35555.78906,39322.78125,34864.10938,39097.85938
14/06/2021,39016.96875,40978.36328,38757.28516,40218.47656
15/06/2021,40427.16797,41295.26953,39609.46875,40406.26953
16/06/2021,40168.69141,40516.77734,38176.03516,38347.0625
17/06/2021,38341.42188,39513.67188,37439.67578,38053.50391
18/06/2021,38099.47656,38187.26172,35255.85547,35787.24609
19/06/2021,35854.52734,36457.79688,34933.0625,35615.87109
20/06/2021,35563.14063,36059.48438,33432.07422,35698.29688
21/06/2021,35641.14453,35721.64063,31295.93555,31676.69336
22/06/2021,31622.37695,33292.45313,28893.62109,32505.66016
23/06/2021,32515.71484,34753.41016,31772.63281,33723.02734
24/06/2021,33682.80078,35228.85156,32385.21484,34662.4375
25/06/2021,34659.10547,35487.24609,31350.88477,31637.7793
26/06/2021,31594.66406,32637.58789,30184.50195,32186.27734
27/06/2021,32287.52344,34656.12891,32071.75781,34649.64453
28/06/2021,34679.12109,35219.89063,33902.07422,34434.33594
29/06/2021,34475.55859,36542.10938,34252.48438,35867.77734
30/06/2021,35908.38672,36074.75781,34086.15234,35040.83594
01/07/2021,35035.98438,35035.98438,32883.78125,33572.11719
02/07/2021,33549.60156,33939.58984,32770.67969,33897.04688
03/07/2021,33854.42188,34909.26172,33402.69531,34668.54688
04/07/2021,34665.56641,35937.56641,34396.47656,35287.78125
05/07/2021,35284.34375,35284.34375,33213.66016,33746.00391
06/07/2021,33723.50781,35038.53516,33599.91797,34235.19531
07/07/2021,34225.67969,34997.66406,33839.28906,33855.32813
08/07/2021,33889.60547,33907.90625,32133.18359,32877.37109
09/07/2021,32861.67188,34042.29297,32318.88086,33798.01172
10/07/2021,33811.24219,34209.07031,33116.01172,33520.51953
11/07/2021,33509.07813,34584.70313,33346.73828,34240.1875
12/07/2021,34254.01563,34592.15625,32697.30859,33155.84766
13/07/2021,33125.46875,33327.10156,32261.41992,32702.02539
14/07/2021,32723.8457,33061.39844,31639.125,32822.34766
15/07/2021,32827.875,33159.64063,31175.70898,31780.73047
16/07/2021,31841.55078,32218.40625,31100.67383,31421.53906
17/07/2021,31397.30859,31935.94531,31223.99023,31533.06836
18/07/2021,31533.88477,32398.99609,31215.49219,31796.81055
19/07/2021,31800.01172,31885.85938,30563.73438,30817.83203
20/07/2021,30838.28516,31006.1875,29360.95508,29807.34766
21/07/2021,29796.28516,32752.32617,29526.18359,32110.69336
22/07/2021,32138.87305,32576.40039,31745.29883,32313.10547
23/07/2021,32305.95898,33581.55078,32057.89258,33581.55078
24/07/2021,33593.73047,34490.39063,33424.85938,34292.44531
25/07/2021,34290.29297,35364.92578,33881.83594,35350.1875
26/07/2021,35384.03125,40499.67578,35287.3125,37337.53516
27/07/2021,37276.03516,39406.94141,36441.72656,39406.94141
28/07/2021,39503.1875,40816.07031,38862.4375,39995.90625
29/07/2021,39995.45313,40593.07031,39352.05859,40008.42188
30/07/2021,40027.48438,42235.54688,38397.35547,42235.54688
31/07/2021,42196.30469,42231.44922,41110.83203,41626.19531
01/08/2021,41460.84375,42541.67969,39540.94141,39974.89453
02/08/2021,39907.26172,40419.17969,38746.34766,39201.94531
03/08/2021,39178.40234,39750.03125,37782.05078,38152.98047
04/08/2021,38213.33203,39952.29688,37589.16406,39747.50391
05/08/2021,39744.51563,41341.93359,37458.00391,40869.55469
06/08/2021,40865.86719,43271.66016,39932.17969,42816.5
07/08/2021,42832.79688,44689.85938,42618.56641,44555.80078
08/08/2021,44574.4375,45282.35156,43331.91016,43798.11719
09/08/2021,43791.92578,46456.83203,42848.6875,46365.40234
10/08/2021,46280.84766,46637.98828,44705.55469,45585.03125
11/08/2021,45599.70313,46735.63281,45351.71094,45593.63672
12/08/2021,45576.87891,46228.91016,43861.44531,44428.28906
13/08/2021,44439.69141,47831.97656,44282.41797,47793.32031
14/08/2021,47810.6875,48098.68359,46177.63281,47096.94531
15/08/2021,47096.66797,47357.10547,45579.58984,47047.00391
16/08/2021,47019.96094,47998.09766,45700.32031,46004.48438
17/08/2021,45936.45703,47139.57031,44512.41797,44695.35938
18/08/2021,44686.75,45952.0625,44364.02734,44801.1875
19/08/2021,44741.88281,46970.76172,43998.31641,46717.57813
20/08/2021,46723.12109,49342.15234,46650.70703,49339.17578
21/08/2021,49327.07422,49717.01953,48312.19922,48905.49219
22/08/2021,48869.10547,49471.60938,48199.94141,49321.65234
23/08/2021,49291.67578,50482.07813,49074.60547,49546.14844
24/08/2021,49562.34766,49878.76953,47687.11719,47706.11719
25/08/2021,47727.25781,49202.87891,47163.61328,48960.78906
26/08/2021,49002.64063,49347.58203,46405.78125,46942.21875
27/08/2021,46894.55469,49112.78516,46394.28125,49058.66797
28/08/2021,49072.58594,49283.50391,48499.23828,48902.40234
29/08/2021,48911.25,49644.11328,47925.85547,48829.83203
30/08/2021,48834.85156,48925.60547,46950.27344,47054.98438
31/08/2021,47024.33984,48189.55078,46750.09375,47166.6875
01/09/2021,47099.77344,49111.08984,46562.4375,48847.02734
02/09/2021,48807.84766,50343.42188,48652.32031,49327.72266
03/09/2021,49288.25,50982.27344,48386.08594,50025.375
04/09/2021,50009.32422,50545.58203,49548.78125,49944.625
05/09/2021,49937.85938,51868.67969,49538.59766,51753.41016
06/09/2021,51769.00391,52700.94141,51053.67969,52633.53516
07/09/2021,52660.48047,52853.76563,43285.20703,46811.12891
08/09/2021,46827.76172,47334.05469,44561.39453,46091.39063
09/09/2021,45774.74219,47261.94922,45669.73828,46391.42188
10/09/2021,46396.66406,47031.74219,44344.48438,44883.91016
11/09/2021,44869.83984,45969.29297,44818.26563,45201.45703
12/09/2021,45206.62891,46364.87891,44790.46094,46063.26953
13/09/2021,46057.21484,46598.67969,43591.32031,44963.07422
14/09/2021,44960.05078,47218.125,44752.33203,47092.49219
15/09/2021,47098,48450.46875,46773.32813,48176.34766
16/09/2021,48158.90625,48486.82813,47079.55859,47783.35938
17/09/2021,47771.00391,48160.92188,46832.52344,47267.51953
18/09/2021,47273.52734,48791.78125,47087.28516,48278.36328
19/09/2021,48268.85547,48328.36719,46919.80469,47260.21875
20/09/2021,47261.40625,47328.19922,42598.91406,42843.80078
21/09/2021,43012.23438,43607.60938,39787.60938,40693.67578
22/09/2021,40677.95313,43978.62109,40625.63281,43574.50781
23/09/2021,43560.29688,44942.17578,43109.33984,44895.09766
24/09/2021,44894.30078,45080.49219,40936.55859,42839.75
25/09/2021,42840.89063,42996.25781,41759.92188,42716.59375
26/09/2021,42721.62891,43919.30078,40848.46094,43208.53906
27/09/2021,43234.18359,44313.24609,42190.63281,42235.73047
28/09/2021,42200.89844,42775.14453,40931.66406,41034.54297
29/09/2021,41064.98438,42545.25781,40829.66797,41564.36328
30/09/2021,41551.26953,44092.60156,41444.58203,43790.89453
01/10/2021,43816.74219,48436.01172,43320.02344,48116.94141
02/10/2021,48137.46875,48282.0625,47465.49609,47711.48828
03/10/2021,47680.02734,49130.69141,47157.28906,48199.95313
04/10/2021,48208.90625,49456.77734,47045.00391,49112.90234
05/10/2021,49174.96094,51839.98438,49072.83984,51514.8125
06/10/2021,51486.66406,55568.46484,50488.19141,55361.44922
07/10/2021,55338.625,55338.625,53525.46875,53805.98438
08/10/2021,53802.14453,55922.98047,53688.05469,53967.84766
09/10/2021,53929.78125,55397.94531,53735.14453,54968.22266
10/10/2021,54952.82031,56401.30469,54264.25781,54771.57813
11/10/2021,54734.125,57793.03906,54519.76563,57484.78906
12/10/2021,57526.83203,57627.87891,54477.97266,56041.05859
13/10/2021,56038.25781,57688.66016,54370.97266,57401.09766
14/10/2021,57372.83203,58478.73438,56957.07422,57321.52344
15/10/2021,57345.90234,62757.12891,56868.14453,61593.94922
16/10/2021,61609.52734,62274.47656,60206.12109,60892.17969
17/10/2021,60887.65234,61645.52344,59164.46875,61553.61719
18/10/2021,61548.80469,62614.66016,60012.75781,62026.07813
19/10/2021,62043.16406,64434.53516,61622.93359,64261.99219
20/10/2021,64284.58594,66930.39063,63610.67578,65992.83594
21/10/2021,66002.23438,66600.54688,62117.41016,62210.17188
22/10/2021,62237.89063,63715.02344,60122.79688,60692.26563
23/10/2021,60694.62891,61743.87891,59826.52344,61393.61719
24/10/2021,61368.34375,61505.80469,59643.34375,60930.83594
25/10/2021,60893.92578,63729.32422,60691.80078,63039.82422
26/10/2021,63032.76172,63229.02734,59991.16016,60363.79297
27/10/2021,60352,61435.18359,58208.1875,58482.38672
28/10/2021,58470.73047,62128.63281,58206.91797,60622.13672
29/10/2021,60624.87109,62927.60938,60329.96484,62227.96484
30/10/2021,62239.36328,62330.14453,60918.38672,61888.83203
31/10/2021,61850.48828,62406.17188,60074.32813,61318.95703
01/11/2021,61320.44922,62419.00391,59695.18359,61004.40625
02/11/2021,60963.25391,64242.79297,60673.05469,63226.40234
03/11/2021,63254.33594,63516.9375,61184.23828,62970.04688
04/11/2021,62941.80469,63123.28906,60799.66406,61452.23047
05/11/2021,61460.07813,62541.46875,60844.60938,61125.67578
06/11/2021,61068.875,61590.68359,60163.78125,61527.48047
07/11/2021,61554.92188,63326.98828,61432.48828,63326.98828
08/11/2021,63344.06641,67673.74219,63344.06641,67566.82813
09/11/2021,67549.73438,68530.33594,66382.0625,66971.82813
10/11/2021,66953.33594,68789.625,63208.11328,64995.23047
11/11/2021,64978.89063,65579.01563,64180.48828,64949.96094
12/11/2021,64863.98047,65460.81641,62333.91406,64155.94141
13/11/2021,64158.12109,64915.67578,63303.73438,64469.52734
14/11/2021,64455.37109,65495.17969,63647.80859,65466.83984
15/11/2021,65521.28906,66281.57031,63548.14453,63557.87109
16/11/2021,63721.19531,63721.19531,59016.33594,60161.24609
17/11/2021,60139.62109,60823.60938,58515.41016,60368.01172
18/11/2021,60360.13672,60948.5,56550.79297,56942.13672
19/11/2021,56896.12891,58351.11328,55705.17969,58119.57813
20/11/2021,58115.08203,59859.87891,57469.72656,59697.19531
21/11/2021,59730.50781,60004.42578,58618.92969,58730.47656
22/11/2021,58706.84766,59266.35938,55679.83984,56289.28906
23/11/2021,56304.55469,57875.51563,55632.76172,57569.07422
24/11/2021,57565.85156,57803.06641,55964.22266,56280.42578
25/11/2021,57165.41797,59367.96875,57146.68359,57274.67969
26/11/2021,58960.28516,59183.48047,53569.76563,53569.76563
27/11/2021,53736.42969,55329.25781,53668.35547,54815.07813
28/11/2021,54813.02344,57393.84375,53576.73438,57248.45703
29/11/2021,57291.90625,58872.87891,56792.52734,57806.56641
30/11/2021,57830.11328,59113.40234,56057.28125,57005.42578
01/12/2021,56907.96484,59041.68359,56553.08203,57229.82813
02/12/2021,57217.37109,57349.23438,55895.13281,56477.81641
03/12/2021,56509.16406,57482.16797,52496.58594,53598.24609
04/12/2021,53727.87891,53904.67969,42874.61719,49200.70313
05/12/2021,49201.51953,49768.14844,47857.49609,49368.84766
06/12/2021,49413.48047,50929.51953,47281.03516,50582.625
07/12/2021,50581.82813,51934.78125,50175.80859,50700.08594
08/12/2021,50667.64844,51171.375,48765.98828,50504.79688
09/12/2021,50450.08203,50797.16406,47358.35156,47672.12109
10/12/2021,47642.14453,50015.25391,47023.69922,47243.30469
11/12/2021,47264.63281,49458.21094,46942.34766,49362.50781
12/12/2021,49354.85547,50724.86719,48725.85156,50098.33594
13/12/2021,50114.74219,50205,45894.84766,46737.48047
14/12/2021,46709.82422,48431.39844,46424.49609,46612.63281
15/12/2021,48379.75391,49473.95703,46671.96484,48896.72266
16/12/2021,48900.46484,49425.57422,47529.87891,47665.42578
17/12/2021,47653.73047,48004.89453,45618.21484,46202.14453
18/12/2021,46219.25391,47313.82813,45598.44141,46848.77734
19/12/2021,46853.86719,48089.66406,46502.95313,46707.01563
20/12/2021,46707.0625,47401.71875,45579.80859,46880.27734
21/12/2021,46886.07813,49300.91797,46698.77344,48936.61328
22/12/2021,48937.09766,49544.79688,48450.94141,48628.51172
23/12/2021,48626.34375,51332.33984,48065.83594,50784.53906
24/12/2021,50806.05078,51814.02734,50514.49609,50822.19531
25/12/2021,50854.91797,51176.59766,50236.70703,50429.85938
26/12/2021,50428.69141,51196.37891,49623.10547,50809.51563
27/12/2021,50802.60938,51956.32813,50499.46875,50640.41797
28/12/2021,50679.85938,50679.85938,47414.21094,47588.85547
29/12/2021,47623.87109,48119.74219,46201.49609,46444.71094
30/12/2021,46490.60547,47879.96484,46060.3125,47178.125
31/12/2021,47169.37109,48472.52734,45819.95313,46306.44531
